Tools	Port 2: NDI 8700340  s/n:34802401	Frame	Face	State	Q0	Qx	Qy	Qz	Tx	Ty	Tz	Error	Markers
1	Port 2: NDI 8700340  s/n:34802401	79615	1	OK	0.4497457	0.6865429	0.5698230	0.0411025	-38.312	-186.534	159.844	0.2460054	0
1	Port 2: NDI 8700340  s/n:34802401	79618	1	OK	0.4492440	0.6871294	0.5694792	0.0415508	-38.703	-187.012	159.784	0.2372340	0
1	Port 2: NDI 8700340  s/n:34802401	79621	1	OK	0.4485131	0.6881347	0.5688960	0.0407913	-39.336	-187.214	160.152	0.2364672	0
1	Port 2: NDI 8700340  s/n:34802401	79624	1	OK	0.4479095	0.6891432	0.5681979	0.0401234	-40.024	-187.328	160.477	0.2302308	0
1	Port 2: NDI 8700340  s/n:34802401	79627	1	OK	0.4474636	0.6903949	0.5670184	0.0402665	-40.351	-187.587	160.154	0.2259843	0
1	Port 2: NDI 8700340  s/n:34802401	79630	1	OK	0.4476764	0.6898929	0.5673986	0.0411398	-41.050	-188.229	159.735	0.2276963	0
1	Port 2: NDI 8700340  s/n:34802401	79633	1	OK	0.4477584	0.6894033	0.5679274	0.0411594	-41.803	-188.683	159.794	0.2186709	0
1	Port 2: NDI 8700340  s/n:34802401	79636	1	OK	0.4475497	0.6898038	0.5676311	0.0408028	-41.873	-189.193	159.614	0.2395783	0
1	Port 2: NDI 8700340  s/n:34802401	79639	1	OK	0.4478429	0.6901637	0.5669172	0.0414204	-42.626	-190.085	159.101	0.2230007	0
1	Port 2: NDI 8700340  s/n:34802401	79642	1	OK	0.4480664	0.6888242	0.5683706	0.0413825	-43.329	-191.027	158.987	0.2312202	0
1	Port 2: NDI 8700340  s/n:34802401	79645	1	OK	0.4479915	0.6891236	0.5680500	0.0416120	-44.088	-191.768	158.689	0.2274563	0
1	Port 2: NDI 8700340  s/n:34802401	79648	1	OK	0.4483468	0.6886460	0.5682862	0.0424564	-44.902	-192.515	158.148	0.2426741	0
1	Port 2: NDI 8700340  s/n:34802401	79651	1	OK	0.4488669	0.6879947	0.5685830	0.0435336	-46.480	-193.525	157.417	0.2369117	0
1	Port 2: NDI 8700340  s/n:34802401	79654	1	OK	0.4498325	0.6872127	0.5686055	0.0455765	-48.042	-194.527	156.393	0.2271730	0
1	Port 2: NDI 8700340  s/n:34802401	79657	1	OK	0.4504295	0.6852704	0.5703372	0.0472570	-49.707	-195.746	155.781	0.2399037	0
1	Port 2: NDI 8700340  s/n:34802401	79660	1	OK	0.4503372	0.6854885	0.5700578	0.0483320	-51.147	-196.744	155.407	0.2426918	0
1	Port 2: NDI 8700340  s/n:34802401	79663	1	OK	0.4508087	0.6845168	0.5707496	0.0495282	-52.500	-197.748	154.885	0.2385630	0
1	Port 2: NDI 8700340  s/n:34802401	79666	1	OK	0.4510375	0.6837763	0.5713940	0.0502388	-53.877	-198.663	154.699	0.2417788	0
1	Port 2: NDI 8700340  s/n:34802401	79669	1	OK	0.4508172	0.6835981	0.5717785	0.0502680	-54.729	-199.354	154.846	0.2160574	0
1	Port 2: NDI 8700340  s/n:34802401	79672	1	OK	0.4504519	0.6840567	0.5715013	0.0504549	-55.350	-199.945	154.768	0.2374077	0
1	Port 2: NDI 8700340  s/n:34802401	79675	1	OK	0.4504921	0.6832875	0.5723354	0.0510619	-56.416	-200.854	154.587	0.2370171	0
1	Port 2: NDI 8700340  s/n:34802401	79678	1	OK	0.4509557	0.6823584	0.5731665	0.0500614	-57.418	-201.402	154.443	0.2630970	0
1	Port 2: NDI 8700340  s/n:34802401	79681	1	OK	0.4509521	0.6809500	0.5748258	0.0502458	-58.381	-202.057	154.302	0.2579554	0
1	Port 2: NDI 8700340  s/n:34802401	79684	1	OK	0.4513607	0.6806594	0.5746814	0.0521311	-59.737	-202.917	153.517	0.2513324	0
1	Port 2: NDI 8700340  s/n:34802401	79687	1	OK	0.4516378	0.6801761	0.5748918	0.0536952	-61.075	-203.866	153.001	0.2285874	0
1	Port 2: NDI 8700340  s/n:34802401	79690	1	OK	0.4516115	0.6793671	0.5756946	0.0555263	-62.065	-204.964	152.826	0.2234991	0
1	Port 2: NDI 8700340  s/n:34802401	79693	1	OK	0.4517097	0.6790095	0.5761147	0.0547381	-63.026	-205.549	153.018	0.2328796	0
1	Port 2: NDI 8700340  s/n:34802401	79696	1	OK	0.4518588	0.6779865	0.5771636	0.0551371	-63.742	-206.441	152.962	0.2417955	0
1	Port 2: NDI 8700340  s/n:34802401	79699	1	OK	0.4521459	0.6756261	0.5795943	0.0562483	-64.933	-207.667	152.943	0.2474732	0
1	Port 2: NDI 8700340  s/n:34802401	79702	1	OK	0.4522639	0.6749367	0.5801575	0.0577498	-65.637	-208.719	153.015	0.2299568	0
1	Port 2: NDI 8700340  s/n:34802401	79705	1	OK	0.4522277	0.6745562	0.5807728	0.0562770	-66.019	-209.184	153.269	0.2296760	0
1	Port 2: NDI 8700340  s/n:34802401	79708	1	OK	0.4523262	0.6741312	0.5811095	0.0570955	-66.599	-209.969	153.309	0.2469780	0
1	Port 2: NDI 8700340  s/n:34802401	79711	1	OK	0.4520984	0.6730428	0.5825675	0.0568809	-66.778	-210.963	153.447	0.2553391	0
1	Port 2: NDI 8700340  s/n:34802401	79714	1	OK	0.4523368	0.6726171	0.5827800	0.0578370	-67.646	-212.236	153.390	0.2229262	0
1	Port 2: NDI 8700340  s/n:34802401	79717	1	OK	0.4521521	0.6698971	0.5859282	0.0590299	-68.491	-213.995	153.731	0.2375720	0
1	Port 2: NDI 8700340  s/n:34802401	79720	1	OK	0.4519505	0.6698580	0.5859809	0.0604765	-69.466	-215.298	153.654	0.2589760	0
1	Port 2: NDI 8700340  s/n:34802401	79723	1	OK	0.4515043	0.6706925	0.5853926	0.0602564	-69.307	-215.870	153.761	0.2422942	0
1	Port 2: NDI 8700340  s/n:34802401	79726	1	OK	0.4514034	0.6698184	0.5863399	0.0615124	-69.988	-217.059	153.884	0.2532541	0
1	Port 2: NDI 8700340  s/n:34802401	79729	1	OK	0.4511326	0.6691240	0.5873127	0.0617763	-70.375	-218.012	154.247	0.2581246	0
1	Port 2: NDI 8700340  s/n:34802401	79732	1	OK	0.4510750	0.6686540	0.5878749	0.0619380	-70.601	-218.853	154.531	0.2348689	0
1	Port 2: NDI 8700340  s/n:34802401	79735	1	OK	0.4509277	0.6683392	0.5883279	0.0621070	-71.272	-219.824	154.827	0.2199126	0
1	Port 2: NDI 8700340  s/n:34802401	79738	1	OK	0.4504123	0.6668420	0.5904290	0.0620013	-71.768	-221.133	155.337	0.2409644	0
1	Port 2: NDI 8700340  s/n:34802401	79741	1	OK	0.4501199	0.6671579	0.5901084	0.0637530	-72.047	-222.270	155.620	0.2181983	0
1	Port 2: NDI 8700340  s/n:34802401	79744	1	OK	0.4499574	0.6665677	0.5908236	0.0644460	-72.818	-223.417	156.100	0.2156013	0
1	Port 2: NDI 8700340  s/n:34802401	79747	1	OK	0.4494787	0.6656494	0.5920876	0.0656660	-73.569	-224.889	156.699	0.2366964	0
1	Port 2: NDI 8700340  s/n:34802401	79750	1	OK	0.4489339	0.6636296	0.5948968	0.0644351	-74.062	-226.207	157.550	0.2569612	0
1	Port 2: NDI 8700340  s/n:34802401	79753	1	OK	0.4484251	0.6616162	0.5973590	0.0658872	-75.123	-228.055	158.476	0.2248310	0
1	Port 2: NDI 8700340  s/n:34802401	79756	1	OK	0.4479735	0.6606220	0.5989146	0.0648049	-75.854	-229.037	159.281	0.2330896	0
1	Port 2: NDI 8700340  s/n:34802401	79759	1	OK	0.4477803	0.6608900	0.5985711	0.0665579	-76.293	-230.076	159.268	0.2164898	0
1	Port 2: NDI 8700340  s/n:34802401	79762	1	OK	0.4472599	0.6614082	0.5983627	0.0667817	-76.692	-230.748	159.496	0.2131693	0
1	Port 2: NDI 8700340  s/n:34802401	79765	1	OK	0.4469260	0.6606377	0.5993610	0.0676854	-77.346	-231.858	159.921	0.2342158	0
1	Port 2: NDI 8700340  s/n:34802401	79768	1	OK	0.4461813	0.6596397	0.6009728	0.0680403	-77.907	-233.047	160.986	0.2419279	0
1	Port 2: NDI 8700340  s/n:34802401	79771	1	OK	0.4457478	0.6578539	0.6032331	0.0681687	-78.311	-234.212	162.103	0.2392677	0
1	Port 2: NDI 8700340  s/n:34802401	79774	1	OK	0.4458067	0.6566389	0.6044551	0.0686705	-79.061	-235.246	162.811	0.2247952	0
1	Port 2: NDI 8700340  s/n:34802401	79777	1	OK	0.4459140	0.6554423	0.6057082	0.0683650	-79.515	-235.961	163.511	0.2282042	0
1	Port 2: NDI 8700340  s/n:34802401	79780	1	OK	0.4458243	0.6532330	0.6080954	0.0689002	-80.178	-237.057	164.192	0.2390047	0
1	Port 2: NDI 8700340  s/n:34802401	79783	1	OK	0.4458431	0.6522827	0.6091139	0.0687860	-80.570	-237.700	164.564	0.2343044	0
1	Port 2: NDI 8700340  s/n:34802401	79786	1	OK	0.4454878	0.6531001	0.6084445	0.0692543	-81.238	-238.406	164.815	0.2346231	0
1	Port 2: NDI 8700340  s/n:34802401	79789	1	OK	0.4450693	0.6536975	0.6079836	0.0703484	-81.830	-239.391	165.000	0.2178455	0
1	Port 2: NDI 8700340  s/n:34802401	79792	1	OK	0.4443897	0.6527553	0.6094343	0.0708387	-82.373	-240.638	165.451	0.2248029	0
1	Port 2: NDI 8700340  s/n:34802401	79795	1	OK	0.4440222	0.6526999	0.6094770	0.0732456	-83.804	-242.061	165.831	0.2166990	0
1	Port 2: NDI 8700340  s/n:34802401	79798	1	OK	0.4434192	0.6519405	0.6107763	0.0728379	-84.022	-242.943	166.348	0.2188112	0
1	Port 2: NDI 8700340  s/n:34802401	79801	1	OK	0.4425865	0.6517052	0.6114811	0.0740836	-84.233	-244.215	166.776	0.2121584	0
1	Port 2: NDI 8700340  s/n:34802401	79804	1	OK	0.4421274	0.6520985	0.6113048	0.0748149	-85.130	-245.209	167.404	0.2032604	0
1	Port 2: NDI 8700340  s/n:34802401	79807	1	OK	0.4418344	0.6495509	0.6141443	0.0754506	-85.959	-246.607	168.283	0.2277320	0
1	Port 2: NDI 8700340  s/n:34802401	79810	1	OK	0.4414801	0.6495860	0.6143147	0.0758339	-87.177	-247.553	169.142	0.2081927	0
1	Port 2: NDI 8700340  s/n:34802401	79813	1	OK	0.4417171	0.6461133	0.6179044	0.0749511	-88.282	-248.427	169.888	0.2404467	0
1	Port 2: NDI 8700340  s/n:34802401	79816	1	OK	0.4415630	0.6463579	0.6176252	0.0760436	-89.395	-248.724	170.548	0.2038170	0
1	Port 2: NDI 8700340  s/n:34802401	79819	1	OK	0.4417995	0.6436575	0.6202233	0.0764284	-90.648	-249.550	171.219	0.2056595	0
1	Port 2: NDI 8700340  s/n:34802401	79822	1	OK	0.4410772	0.6425961	0.6216990	0.0775340	-92.019	-250.419	172.126	0.2196176	0
1	Port 2: NDI 8700340  s/n:34802401	79825	1	OK	0.4410836	0.6428610	0.6213721	0.0779214	-93.102	-250.399	172.495	0.1946560	0
1	Port 2: NDI 8700340  s/n:34802401	79828	1	OK	0.4408741	0.6416686	0.6227232	0.0781488	-93.773	-250.433	172.846	0.2477360	0
1	Port 2: NDI 8700340  s/n:34802401	79831	1	OK	0.4407163	0.6412211	0.6232332	0.0786448	-94.531	-250.428	173.215	0.2358769	0
1	Port 2: NDI 8700340  s/n:34802401	79834	1	OK	0.4405072	0.6405757	0.6238747	0.0799783	-95.757	-250.591	173.446	0.2542548	0
1	Port 2: NDI 8700340  s/n:34802401	79837	1	OK	0.4399268	0.6428635	0.6218771	0.0803732	-95.991	-249.836	173.419	0.2421199	0
1	Port 2: NDI 8700340  s/n:34802401	79840	1	OK	0.4396817	0.6440481	0.6206938	0.0813716	-96.183	-249.184	172.903	0.2478638	0
1	Port 2: NDI 8700340  s/n:34802401	79843	1	OK	0.4400390	0.6457736	0.6187201	0.0807931	-96.202	-247.646	172.612	0.2202997	0
1	Port 2: NDI 8700340  s/n:34802401	79846	1	OK	0.4402810	0.6452776	0.6189094	0.0819794	-96.564	-246.968	172.619	0.2136415	0
1	Port 2: NDI 8700340  s/n:34802401	79849	1	OK	0.4404553	0.6444709	0.6197171	0.0812844	-96.595	-246.018	172.681	0.2384510	0
1	Port 2: NDI 8700340  s/n:34802401	79852	1	OK	0.4407553	0.6449828	0.6190365	0.0807828	-96.501	-244.761	172.559	0.2510049	0
1	Port 2: NDI 8700340  s/n:34802401	79855	1	OK	0.4415317	0.6445428	0.6188052	0.0818192	-96.565	-244.093	172.037	0.2368214	0
1	Port 2: NDI 8700340  s/n:34802401	79858	1	OK	0.4419625	0.6440699	0.6190447	0.0814053	-96.032	-243.299	171.747	0.2488005	0
1	Port 2: NDI 8700340  s/n:34802401	79861	1	OK	0.4432175	0.6439853	0.6184272	0.0799312	-95.587	-241.924	171.299	0.2309176	0
1	Port 2: NDI 8700340  s/n:34802401	79864	1	OK	0.4440050	0.6425708	0.6193375	0.0798960	-94.917	-241.206	171.189	0.2298153	0
1	Port 2: NDI 8700340  s/n:34802401	79867	1	OK	0.4448882	0.6402075	0.6211004	0.0802688	-94.581	-240.878	171.055	0.2406399	0
1	Port 2: NDI 8700340  s/n:34802401	79870	1	OK	0.4459436	0.6383162	0.6223782	0.0795747	-94.004	-240.330	170.687	0.2678976	0
1	Port 2: NDI 8700340  s/n:34802401	79873	1	OK	0.4468616	0.6389235	0.6211628	0.0790456	-93.378	-239.271	170.053	0.2630229	0
1	Port 2: NDI 8700340  s/n:34802401	79876	1	OK	0.4477331	0.6395516	0.6199657	0.0784304	-92.024	-238.089	169.056	0.2184088	0
1	Port 2: NDI 8700340  s/n:34802401	79879	1	OK	0.4483368	0.6413794	0.6177787	0.0773056	-90.566	-236.629	167.956	0.2078341	0
1	Port 2: NDI 8700340  s/n:34802401	79882	1	OK	0.4487090	0.6425883	0.6163832	0.0762385	-89.337	-235.510	167.167	0.2237078	0
1	Port 2: NDI 8700340  s/n:34802401	79885	1	OK	0.4490681	0.6431568	0.6154924	0.0765266	-88.517	-234.704	166.753	0.2261398	0
1	Port 2: NDI 8700340  s/n:34802401	79888	1	OK	0.4496573	0.6426554	0.6156398	0.0760914	-88.230	-233.892	166.693	0.2155024	0
1	Port 2: NDI 8700340  s/n:34802401	79891	1	OK	0.4504099	0.6418788	0.6158347	0.0766173	-88.059	-233.248	166.495	0.2220698	0
1	Port 2: NDI 8700340  s/n:34802401	79894	1	OK	0.4512950	0.6409607	0.6161761	0.0763493	-87.618	-232.419	165.991	0.2400402	0
1	Port 2: NDI 8700340  s/n:34802401	79897	1	OK	0.4520864	0.6417868	0.6147728	0.0760391	-86.834	-231.085	165.175	0.2363236	0
1	Port 2: NDI 8700340  s/n:34802401	79900	1	OK	0.4529325	0.6424924	0.6135447	0.0749573	-85.890	-229.532	164.364	0.2225226	0
1	Port 2: NDI 8700340  s/n:34802401	79903	1	OK	0.4536803	0.6424373	0.6131618	0.0740342	-84.678	-228.138	163.579	0.2313944	0
1	Port 2: NDI 8700340  s/n:34802401	79906	1	OK	0.4540864	0.6437406	0.6113874	0.0748937	-84.104	-226.990	162.926	0.2277664	0
1	Port 2: NDI 8700340  s/n:34802401	79909	1	OK	0.4548217	0.6437444	0.6109444	0.0740087	-83.846	-225.836	162.451	0.2140212	0
1	Port 2: NDI 8700340  s/n:34802401	79912	1	OK	0.4553949	0.6421400	0.6122599	0.0735494	-83.516	-224.988	162.372	0.2277802	0
1	Port 2: NDI 8700340  s/n:34802401	79915	1	OK	0.4564173	0.6404503	0.6132277	0.0738816	-83.359	-224.025	162.046	0.2433131	0
1	Port 2: NDI 8700340  s/n:34802401	79918	1	OK	0.4570029	0.6411904	0.6120554	0.0735621	-82.870	-222.625	161.553	0.2120857	0
1	Port 2: NDI 8700340  s/n:34802401	79921	1	OK	0.4576035	0.6416675	0.6110618	0.0739278	-82.302	-221.478	160.926	0.2381725	0
1	Port 2: NDI 8700340  s/n:34802401	79924	1	OK	0.4582698	0.6424756	0.6097494	0.0736180	-81.498	-220.198	160.048	0.2321833	0
1	Port 2: NDI 8700340  s/n:34802401	79927	1	OK	0.4583873	0.6427198	0.6092082	0.0752184	-80.681	-219.628	159.393	0.2440109	0
1	Port 2: NDI 8700340  s/n:34802401	79930	1	OK	0.4585556	0.6428739	0.6088473	0.0757951	-80.278	-218.983	159.262	0.2373686	0
1	Port 2: NDI 8700340  s/n:34802401	79933	1	OK	0.4589549	0.6429821	0.6083766	0.0762389	-80.187	-218.269	159.290	0.2228431	0
1	Port 2: NDI 8700340  s/n:34802401	79936	1	OK	0.4593840	0.6428810	0.6080711	0.0769413	-80.342	-217.687	159.142	0.2356031	0
1	Port 2: NDI 8700340  s/n:34802401	79939	1	OK	0.4595748	0.6431941	0.6074306	0.0782334	-79.833	-216.961	158.873	0.2323990	0
1	Port 2: NDI 8700340  s/n:34802401	79942	1	OK	0.4605171	0.6435504	0.6062124	0.0792046	-79.795	-215.995	158.265	0.2243609	0
1	Port 2: NDI 8700340  s/n:34802401	79945	1	OK	0.4604453	0.6441359	0.6055711	0.0797665	-79.307	-215.318	158.022	0.2329876	0
1	Port 2: NDI 8700340  s/n:34802401	79948	1	OK	0.4604579	0.6456603	0.6037620	0.0810729	-79.422	-214.920	157.539	0.2240644	0
1	Port 2: NDI 8700340  s/n:34802401	79951	1	OK	0.4605257	0.6468395	0.6024275	0.0812144	-78.989	-214.228	157.183	0.2175894	0
1	Port 2: NDI 8700340  s/n:34802401	79954	1	OK	0.4606132	0.6470545	0.6021261	0.0812411	-78.984	-213.633	157.035	0.2264082	0
1	Port 2: NDI 8700340  s/n:34802401	79957	1	OK	0.4620134	0.6473620	0.6009306	0.0796774	-78.762	-212.297	156.254	0.2300628	0
1	Port 2: NDI 8700340  s/n:34802401	79960	1	OK	0.4619653	0.6491748	0.5989116	0.0804060	-78.076	-211.335	155.845	0.2262059	0
1	Port 2: NDI 8700340  s/n:34802401	79963	1	OK	0.4627398	0.6486387	0.5989127	0.0802705	-77.905	-210.396	155.501	0.2248046	0
1	Port 2: NDI 8700340  s/n:34802401	79966	1	OK	0.4627159	0.6498444	0.5975324	0.0809396	-77.698	-209.488	155.525	0.2325911	0
1	Port 2: NDI 8700340  s/n:34802401	79969	1	OK	0.4629482	0.6496714	0.5975329	0.0809965	-77.667	-208.807	155.630	0.2219836	0
1	Port 2: NDI 8700340  s/n:34802401	79972	1	OK	0.4635133	0.6493840	0.5975088	0.0802440	-77.395	-207.961	155.406	0.2339846	0
1	Port 2: NDI 8700340  s/n:34802401	79975	1	OK	0.4635923	0.6522330	0.5949178	0.0758096	-75.630	-205.578	155.237	0.2394341	0
1	Port 2: NDI 8700340  s/n:34802401	79978	1	OK	0.4640464	0.6532770	0.5933294	0.0764869	-75.481	-204.483	154.644	0.2292636	0
1	Port 2: NDI 8700340  s/n:34802401	79981	1	OK	0.4642179	0.6539576	0.5926096	0.0752006	-74.630	-203.048	154.475	0.2388638	0
1	Port 2: NDI 8700340  s/n:34802401	79984	1	OK	0.4638249	0.6550986	0.5918322	0.0738033	-74.187	-201.894	154.616	0.2363744	0
1	Port 2: NDI 8700340  s/n:34802401	79987	1	OK	0.4644151	0.6543570	0.5922016	0.0737077	-74.065	-201.346	154.218	0.2399024	0
1	Port 2: NDI 8700340  s/n:34802401	79990	1	OK	0.4645346	0.6550122	0.5915367	0.0724632	-73.510	-200.240	154.310	0.2376276	0
1	Port 2: NDI 8700340  s/n:34802401	79993	1	OK	0.4641772	0.6555662	0.5912510	0.0720744	-72.878	-199.387	154.688	0.2401145	0
1	Port 2: NDI 8700340  s/n:34802401	79996	1	OK	0.4645814	0.6561073	0.5905256	0.0704769	-72.088	-198.061	154.511	0.2417334	0
1	Port 2: NDI 8700340  s/n:34802401	79999	1	OK	0.4642926	0.6587382	0.5878173	0.0704785	-71.017	-196.745	154.557	0.2370700	0
1	Port 2: NDI 8700340  s/n:34802401	80002	1	OK	0.4647023	0.6581113	0.5881896	0.0705291	-70.035	-196.018	154.672	0.2367845	0
1	Port 2: NDI 8700340  s/n:34802401	80005	1	OK	0.4649955	0.6576588	0.5885665	0.0696674	-69.453	-195.437	155.134	0.2449311	0
1	Port 2: NDI 8700340  s/n:34802401	80008	1	OK	0.4655984	0.6554979	0.5905330	0.0693642	-69.230	-195.351	155.492	0.2553272	0
1	Port 2: NDI 8700340  s/n:34802401	80011	1	OK	0.4663600	0.6540029	0.5915763	0.0694701	-69.189	-195.116	155.685	0.2363716	0
1	Port 2: NDI 8700340  s/n:34802401	80014	1	OK	0.4671146	0.6523655	0.5927836	0.0695037	-68.724	-194.842	155.694	0.2423822	0
1	Port 2: NDI 8700340  s/n:34802401	80017	1	OK	0.4680564	0.6514667	0.5931064	0.0688419	-68.652	-194.350	155.636	0.2250759	0
1	Port 2: NDI 8700340  s/n:34802401	80020	1	OK	0.4682873	0.6510207	0.5934602	0.0684392	-68.171	-193.806	155.867	0.2387120	0
1	Port 2: NDI 8700340  s/n:34802401	80023	1	OK	0.4689125	0.6491893	0.5950232	0.0679832	-67.734	-193.476	155.946	0.2383457	0
1	Port 2: NDI 8700340  s/n:34802401	80026	1	OK	0.4695462	0.6492413	0.5944890	0.0677867	-67.576	-193.070	155.819	0.2325763	0
1	Port 2: NDI 8700340  s/n:34802401	80029	1	OK	0.4698722	0.6489731	0.5945680	0.0674007	-67.134	-192.731	155.760	0.2134311	0
1	Port 2: NDI 8700340  s/n:34802401	80032	1	OK	0.4697389	0.6495326	0.5941753	0.0663964	-65.932	-191.934	156.053	0.2470029	0
1	Port 2: NDI 8700340  s/n:34802401	80035	1	OK	0.4699110	0.6487275	0.5949929	0.0657248	-65.041	-191.301	156.181	0.2504263	0
1	Port 2: NDI 8700340  s/n:34802401	80038	1	OK	0.4698117	0.6496066	0.5942054	0.0648703	-63.943	-190.456	156.300	0.2427042	0
1	Port 2: NDI 8700340  s/n:34802401	80041	1	OK	0.4699792	0.6498385	0.5940443	0.0627760	-63.090	-189.668	156.505	0.2619027	0
1	Port 2: NDI 8700340  s/n:34802401	80044	1	OK	0.4708219	0.6484381	0.5948885	0.0629473	-62.840	-189.482	156.499	0.2497097	0
1	Port 2: NDI 8700340  s/n:34802401	80047	1	OK	0.4715894	0.6475214	0.5953917	0.0618729	-62.184	-188.647	156.707	0.2395780	0
1	Port 2: NDI 8700340  s/n:34802401	80050	1	OK	0.4724831	0.6454980	0.5968661	0.0619917	-61.791	-188.189	156.840	0.2521512	0
1	Port 2: NDI 8700340  s/n:34802401	80053	1	OK	0.4727397	0.6447287	0.5976191	0.0607741	-60.865	-187.444	156.995	0.2476453	0
1	Port 2: NDI 8700340  s/n:34802401	80056	1	OK	0.4735452	0.6445110	0.5972325	0.0606124	-60.556	-186.674	156.868	0.2363089	0
1	Port 2: NDI 8700340  s/n:34802401	80059	1	OK	0.4737945	0.6439526	0.5977634	0.0593525	-59.605	-185.775	157.024	0.2509892	0
1	Port 2: NDI 8700340  s/n:34802401	80062	1	OK	0.4742265	0.6431046	0.5983886	0.0587937	-59.209	-185.274	157.015	0.2449984	0
1	Port 2: NDI 8700340  s/n:34802401	80065	1	OK	0.4741072	0.6435623	0.5980427	0.0582658	-58.514	-184.911	157.245	0.2596657	0
1	Port 2: NDI 8700340  s/n:34802401	80068	1	OK	0.4736218	0.6450822	0.5969978	0.0560800	-57.686	-184.179	157.783	0.2528878	0
1	Port 2: NDI 8700340  s/n:34802401	80071	1	OK	0.4739079	0.6433520	0.5988017	0.0542769	-57.664	-184.143	158.056	0.2451816	0
1	Port 2: NDI 8700340  s/n:34802401	80074	1	OK	0.4749301	0.6421990	0.5992580	0.0539607	-57.437	-183.616	158.009	0.2481064	0
1	Port 2: NDI 8700340  s/n:34802401	80077	1	OK	0.4746565	0.6432241	0.5984344	0.0532942	-57.006	-183.019	158.118	0.2670360	0
1	Port 2: NDI 8700340  s/n:34802401	80080	1	OK	0.4742565	0.6448807	0.5969788	0.0531594	-56.282	-182.440	158.148	0.2412241	0
1	Port 2: NDI 8700340  s/n:34802401	80083	1	OK	0.4745417	0.6452294	0.5964066	0.0528055	-55.886	-181.913	158.146	0.2433694	0
1	Port 2: NDI 8700340  s/n:34802401	80086	1	OK	0.4742977	0.6459136	0.5959579	0.0516863	-55.016	-181.187	158.428	0.2450528	0
1	Port 2: NDI 8700340  s/n:34802401	80089	1	OK	0.4745627	0.6460134	0.5954994	0.0532676	-54.280	-180.885	158.461	0.2370968	0
1	Port 2: NDI 8700340  s/n:34802401	80092	1	OK	0.4743783	0.6458080	0.5959539	0.0523092	-53.447	-180.310	158.838	0.2415592	0
1	Port 2: NDI 8700340  s/n:34802401	80095	1	OK	0.4743697	0.6463280	0.5954190	0.0520548	-52.620	-179.752	158.977	0.2589066	0
1	Port 2: NDI 8700340  s/n:34802401	80098	1	OK	0.4742789	0.6468620	0.5950041	0.0509823	-52.079	-179.065	159.244	0.2513112	0
1	Port 2: NDI 8700340  s/n:34802401	80101	1	OK	0.4743089	0.6455574	0.5965839	0.0487264	-51.129	-178.474	159.561	0.2437001	0
1	Port 2: NDI 8700340  s/n:34802401	80104	1	OK	0.4740386	0.6462974	0.5961569	0.0467332	-50.434	-178.179	159.955	0.2572156	0
1	Port 2: NDI 8700340  s/n:34802401	80107	1	OK	0.4740900	0.6463050	0.5960821	0.0470596	-50.057	-178.493	159.890	0.2452160	0
1	Port 2: NDI 8700340  s/n:34802401	80110	1	OK	0.4738875	0.6469063	0.5956388	0.0464463	-49.595	-178.464	160.034	0.2707548	0
1	Port 2: NDI 8700340  s/n:34802401	80113	1	OK	0.4742126	0.6462177	0.5961091	0.0466799	-49.222	-178.280	160.074	0.2498771	0
1	Port 2: NDI 8700340  s/n:34802401	80116	1	OK	0.4745753	0.6456116	0.5965617	0.0455855	-48.654	-177.607	160.052	0.2433574	0
1	Port 2: NDI 8700340  s/n:34802401	80119	1	OK	0.4740225	0.6477658	0.5947316	0.0446818	-47.112	-176.631	160.218	0.2602071	0
1	Port 2: NDI 8700340  s/n:34802401	80122	1	OK	0.4740665	0.6486310	0.5937484	0.0447395	-46.448	-176.220	160.091	0.2657815	0
1	Port 2: NDI 8700340  s/n:34802401	80125	1	OK	0.4741560	0.6500071	0.5921370	0.0451733	-45.615	-175.854	159.799	0.2471091	0
1	Port 2: NDI 8700340  s/n:34802401	80128	1	OK	0.4735097	0.6519594	0.5905782	0.0442132	-44.775	-175.369	160.080	0.2628689	0
1	Port 2: NDI 8700340  s/n:34802401	80131	1	OK	0.4735201	0.6524324	0.5900121	0.0446811	-44.877	-175.366	160.088	0.2707284	0
1	Port 2: NDI 8700340  s/n:34802401	80134	1	OK	0.4734069	0.6523249	0.5902525	0.0442738	-44.474	-174.924	159.971	0.2515139	0
1	Port 2: NDI 8700340  s/n:34802401	80137	1	OK	0.4735846	0.6545529	0.5876956	0.0434978	-43.909	-173.692	159.647	0.2578186	0
1	Port 2: NDI 8700340  s/n:34802401	80140	1	OK	0.4734784	0.6573875	0.5846843	0.0424756	-43.138	-172.249	159.433	0.2634730	0
1	Port 2: NDI 8700340  s/n:34802401	80143	1	OK	0.4730764	0.6590009	0.5832696	0.0413902	-41.569	-170.810	159.295	0.2485885	0
1	Port 2: NDI 8700340  s/n:34802401	80146	1	OK	0.4723179	0.6616759	0.5810104	0.0390865	-40.156	-169.248	159.442	0.2623765	0
1	Port 2: NDI 8700340  s/n:34802401	80149	1	OK	0.4725497	0.6615639	0.5808639	0.0403361	-40.784	-169.085	159.280	0.2568853	0
1	Port 2: NDI 8700340  s/n:34802401	80152	1	OK	0.4715642	0.6624093	0.5808186	0.0386127	-40.583	-168.120	159.886	0.2404907	0
1	Port 2: NDI 8700340  s/n:34802401	80155	1	OK	0.4698685	0.6652646	0.5788050	0.0403906	-41.113	-167.663	160.275	0.2456258	0
1	Port 2: NDI 8700340  s/n:34802401	80158	1	OK	0.4693697	0.6667693	0.5775252	0.0396903	-41.950	-166.561	160.026	0.2554837	0
1	Port 2: NDI 8700340  s/n:34802401	80161	1	OK	0.4672512	0.6689892	0.5766365	0.0402500	-42.849	-165.749	160.643	0.2630200	0
1	Port 2: NDI 8700340  s/n:34802401	80164	1	OK	0.4659585	0.6700503	0.5763691	0.0413995	-44.332	-164.906	161.461	0.2409173	0
1	Port 2: NDI 8700340  s/n:34802401	80167	1	OK	0.4636875	0.6717561	0.5761226	0.0426656	-45.794	-164.452	162.736	0.2442132	0
1	Port 2: NDI 8700340  s/n:34802401	80170	1	OK	0.4616779	0.6727377	0.5764902	0.0440058	-47.853	-164.623	163.812	0.2516493	0
1	Port 2: NDI 8700340  s/n:34802401	80173	1	OK	0.4604502	0.6723826	0.5778550	0.0443945	-49.313	-164.821	164.386	0.2381202	0
1	Port 2: NDI 8700340  s/n:34802401	80176	1	OK	0.4590921	0.6739639	0.5770266	0.0452484	-50.384	-165.131	164.461	0.2479997	0
1	Port 2: NDI 8700340  s/n:34802401	80179	1	OK	0.4583351	0.6761552	0.5749375	0.0467959	-51.118	-165.497	164.055	0.2473401	0
1	Port 2: NDI 8700340  s/n:34802401	80182	1	OK	0.4580398	0.6767683	0.5742977	0.0486447	-52.484	-166.349	163.730	0.2356285	0
1	Port 2: NDI 8700340  s/n:34802401	80185	1	OK	0.4579025	0.6756854	0.5755406	0.0502747	-53.586	-167.555	163.299	0.2536208	0
1	Port 2: NDI 8700340  s/n:34802401	80188	1	OK	0.4573078	0.6766661	0.5749257	0.0495273	-54.462	-168.253	163.272	0.2556536	0
1	Port 2: NDI 8700340  s/n:34802401	80191	1	OK	0.4567263	0.6775452	0.5742384	0.0508312	-55.446	-169.101	163.066	0.2321792	0
1	Port 2: NDI 8700340  s/n:34802401	80194	1	OK	0.4571545	0.6773231	0.5740568	0.0519805	-56.729	-169.736	162.214	0.2407581	0
1	Port 2: NDI 8700340  s/n:34802401	80197	1	OK	0.4596205	0.6721252	0.5777299	0.0567879	-59.669	-171.612	160.570	0.2300787	0
1	Port 2: NDI 8700340  s/n:34802401	80200	1	OK	0.4603189	0.6703389	0.5792527	0.0567327	-61.146	-172.503	159.801	0.2264341	0
1	Port 2: NDI 8700340  s/n:34802401	80203	1	OK	0.4590320	0.6725677	0.5776019	0.0576054	-61.704	-173.269	159.873	0.2465583	0
1	Port 2: NDI 8700340  s/n:34802401	80206	1	OK	0.4602953	0.6700128	0.5793934	0.0592822	-63.204	-174.379	159.113	0.2390820	0
1	Port 2: NDI 8700340  s/n:34802401	80209	1	OK	0.4598151	0.6696837	0.5800384	0.0604094	-64.375	-175.573	158.967	0.2316459	0
1	Port 2: NDI 8700340  s/n:34802401	80212	1	OK	0.4595877	0.6699794	0.5797088	0.0620036	-65.213	-176.666	158.644	0.2284087	0
1	Port 2: NDI 8700340  s/n:34802401	80215	1	OK	0.4588662	0.6698581	0.5802985	0.0631317	-66.275	-177.814	158.600	0.2354925	0
1	Port 2: NDI 8700340  s/n:34802401	80218	1	OK	0.4588120	0.6690278	0.5811472	0.0645074	-66.862	-178.954	158.135	0.2289317	0
1	Port 2: NDI 8700340  s/n:34802401	80221	1	OK	0.4573922	0.6693066	0.5817958	0.0658381	-68.020	-180.613	158.279	0.2346637	0
1	Port 2: NDI 8700340  s/n:34802401	80224	1	OK	0.4574704	0.6660054	0.5854893	0.0660303	-69.292	-182.460	157.948	0.2369207	0
1	Port 2: NDI 8700340  s/n:34802401	80227	1	OK	0.4551570	0.6654928	0.5876590	0.0678852	-70.478	-184.664	158.556	0.2483459	0
1	Port 2: NDI 8700340  s/n:34802401	80230	1	OK	0.4528504	0.6674819	0.5870492	0.0690479	-70.528	-185.933	158.684	0.2201240	0
1	Port 2: NDI 8700340  s/n:34802401	80233	1	OK	0.4512789	0.6683894	0.5870780	0.0703025	-70.948	-187.267	158.395	0.2295971	0
1	Port 2: NDI 8700340  s/n:34802401	80236	1	OK	0.4503097	0.6694891	0.5865381	0.0705592	-71.185	-188.140	158.094	0.2336798	0
1	Port 2: NDI 8700340  s/n:34802401	80239	1	OK	0.4498103	0.6705193	0.5856465	0.0713635	-71.973	-188.924	157.972	0.2040879	0
1	Port 2: NDI 8700340  s/n:34802401	80242	1	OK	0.4493443	0.6693991	0.5872603	0.0715532	-72.177	-189.873	158.007	0.2280310	0
1	Port 2: NDI 8700340  s/n:34802401	80245	1	OK	0.4489060	0.6700300	0.5869393	0.0710314	-72.868	-190.414	157.911	0.2133560	0
1	Port 2: NDI 8700340  s/n:34802401	80248	1	OK	0.4481572	0.6703284	0.5871557	0.0711553	-73.008	-190.969	157.897	0.2045323	0
1	Port 2: NDI 8700340  s/n:34802401	80251	1	OK	0.4475097	0.6705356	0.5874104	0.0711767	-73.300	-191.501	157.893	0.2116163	0
1	Port 2: NDI 8700340  s/n:34802401	80254	1	OK	0.4468603	0.6704687	0.5879858	0.0711359	-73.724	-192.146	157.997	0.2250929	0
1	Port 2: NDI 8700340  s/n:34802401	80257	1	OK	0.4464149	0.6702969	0.5886341	0.0701836	-73.648	-192.629	158.022	0.2222801	0
1	Port 2: NDI 8700340  s/n:34802401	80260	1	OK	0.4469705	0.6698247	0.5889246	0.0687031	-73.807	-193.081	157.659	0.2198074	0
1	Port 2: NDI 8700340  s/n:34802401	80263	1	OK	0.4464192	0.6690488	0.5904087	0.0670904	-73.668	-193.917	157.507	0.2267319	0
1	Port 2: NDI 8700340  s/n:34802401	80266	1	OK	0.4458451	0.6693913	0.5906114	0.0656941	-73.595	-194.491	157.019	0.2180582	0
1	Port 2: NDI 8700340  s/n:34802401	80269	1	OK	0.4451757	0.6702048	0.5902595	0.0650986	-73.792	-195.156	156.458	0.2363423	0
1	Port 2: NDI 8700340  s/n:34802401	80272	1	OK	0.4444774	0.6726969	0.5878087	0.0663310	-74.114	-195.883	155.903	0.2382047	0
1	Port 2: NDI 8700340  s/n:34802401	80275	1	OK	0.4471845	0.6649491	0.5932696	0.0768102	-78.166	-199.753	153.905	0.2170073	0
1	Port 2: NDI 8700340  s/n:34802401	80278	1	OK	0.4514023	0.6568088	0.5988215	0.0790632	-81.158	-201.624	151.932	0.2041794	0
1	Port 2: NDI 8700340  s/n:34802401	80281	1	OK	0.4483685	0.6617705	0.5958697	0.0772316	-80.108	-201.698	152.863	0.2175217	0
1	Port 2: NDI 8700340  s/n:34802401	80284	1	OK	0.4486041	0.6612163	0.5962938	0.0773376	-80.834	-202.352	152.658	0.2040721	0
1	Port 2: NDI 8700340  s/n:34802401	80287	1	OK	0.4495804	0.6586299	0.5981700	0.0792263	-81.768	-203.445	152.033	0.2109242	0
1	Port 2: NDI 8700340  s/n:34802401	80290	1	OK	0.4482815	0.6608346	0.5968000	0.0785570	-81.327	-203.314	152.737	0.2208514	0
1	Port 2: NDI 8700340  s/n:34802401	80293	1	OK	0.4476214	0.6614904	0.5967360	0.0772760	-80.767	-203.156	153.332	0.2019905	0
1	Port 2: NDI 8700340  s/n:34802401	80296	1	OK	0.4480147	0.6607803	0.5973061	0.0766661	-80.959	-203.392	153.375	0.2024896	0
1	Port 2: NDI 8700340  s/n:34802401	80299	1	OK	0.4484190	0.6603459	0.5974768	0.0767146	-80.711	-203.687	153.419	0.1982187	0
1	Port 2: NDI 8700340  s/n:34802401	80302	1	OK	0.4513345	0.6588376	0.5973989	0.0731072	-80.037	-202.193	152.346	0.1924201	0
1	Port 2: NDI 8700340  s/n:34802401	80305	1	OK	0.4521243	0.6595936	0.5961036	0.0719745	-79.083	-200.425	151.903	0.2065599	0
1	Port 2: NDI 8700340  s/n:34802401	80308	1	OK	0.4529762	0.6618654	0.5932037	0.0696860	-77.300	-197.449	151.503	0.2031342	0
1	Port 2: NDI 8700340  s/n:34802401	80311	1	OK	0.4496781	0.6667771	0.5903689	0.0682825	-75.395	-195.822	153.022	0.2079354	0
1	Port 2: NDI 8700340  s/n:34802401	80314	1	OK	0.4476592	0.6672446	0.5911832	0.0699165	-76.093	-196.796	154.212	0.2041598	0
1	Port 2: NDI 8700340  s/n:34802401	80317	1	OK	0.4449064	0.6671199	0.5932314	0.0713154	-76.865	-198.838	155.868	0.2231615	0
1	Port 2: NDI 8700340  s/n:34802401	80320	1	OK	0.4440271	0.6668716	0.5943232	0.0700153	-76.890	-199.710	156.920	0.2108499	0
1	Port 2: NDI 8700340  s/n:34802401	80323	1	OK	0.4443410	0.6649567	0.5963288	0.0691782	-77.188	-200.488	157.265	0.2303392	0
1	Port 2: NDI 8700340  s/n:34802401	80326	1	OK	0.4451661	0.6632780	0.5977928	0.0673292	-77.238	-200.623	157.523	0.2213254	0
1	Port 2: NDI 8700340  s/n:34802401	80329	1	OK	0.4462856	0.6615131	0.5990172	0.0663923	-77.364	-201.031	157.534	0.2123146	0
1	Port 2: NDI 8700340  s/n:34802401	80332	1	OK	0.4472325	0.6607609	0.5992861	0.0650712	-77.243	-201.278	157.318	0.2176812	0
1	Port 2: NDI 8700340  s/n:34802401	80335	1	OK	0.4476032	0.6607642	0.5990440	0.0647172	-77.151	-201.671	157.157	0.2175061	0
1	Port 2: NDI 8700340  s/n:34802401	80338	1	OK	0.4478601	0.6619656	0.5976172	0.0638484	-77.049	-201.783	157.048	0.1978150	0
1	Port 2: NDI 8700340  s/n:34802401	80341	1	OK	0.4486752	0.6617092	0.5973751	0.0630438	-76.715	-202.113	156.668	0.2295637	0
1	Port 2: NDI 8700340  s/n:34802401	80344	1	OK	0.4496880	0.6613529	0.5970976	0.0621890	-76.768	-202.285	156.684	0.2333800	0
1	Port 2: NDI 8700340  s/n:34802401	80347	1	OK	0.4504684	0.6601841	0.5979936	0.0603223	-76.506	-202.348	156.757	0.2300640	0
1	Port 2: NDI 8700340  s/n:34802401	80350	1	OK	0.4517345	0.6575000	0.6002339	0.0578697	-76.338	-202.684	156.681	0.2278895	0
1	Port 2: NDI 8700340  s/n:34802401	80353	1	OK	0.4533793	0.6539749	0.6032573	0.0533354	-76.188	-203.007	156.690	0.2255697	0
1	Port 2: NDI 8700340  s/n:34802401	80356	1	OK	0.4551954	0.6501524	0.6064776	0.0477907	-76.064	-203.236	156.716	0.2534737	0
1	Port 2: NDI 8700340  s/n:34802401	80359	1	OK	0.4569649	0.6478515	0.6079042	0.0438629	-76.366	-203.411	156.430	0.2296838	0
1	Port 2: NDI 8700340  s/n:34802401	80362	1	OK	0.4578190	0.6476013	0.6077826	0.0401836	-75.950	-203.307	156.039	0.2437962	0
1	Port 2: NDI 8700340  s/n:34802401	80365	1	OK	0.4585482	0.6461628	0.6089425	0.0373662	-75.841	-203.358	155.838	0.2575183	0
1	Port 2: NDI 8700340  s/n:34802401	80368	1	OK	0.4584674	0.6460802	0.6091009	0.0372018	-76.042	-203.972	155.787	0.2517447	0
1	Port 2: NDI 8700340  s/n:34802401	80371	1	OK	0.4584144	0.6452907	0.6100469	0.0360412	-76.011	-204.256	155.988	0.2329531	0
1	Port 2: NDI 8700340  s/n:34802401	80374	1	OK	0.4584788	0.6447966	0.6105728	0.0351481	-76.488	-204.963	156.130	0.2519662	0
1	Port 2: NDI 8700340  s/n:34802401	80377	1	OK	0.4583919	0.6444171	0.6110948	0.0341558	-76.433	-205.716	156.269	0.2452870	0
1	Port 2: NDI 8700340  s/n:34802401	80380	1	OK	0.4585227	0.6440547	0.6112668	0.0361013	-77.384	-207.076	156.326	0.2563811	0
1	Port 2: NDI 8700340  s/n:34802401	80383	1	OK	0.4583748	0.6438999	0.6114519	0.0375767	-77.833	-208.293	156.287	0.2455264	0
1	Port 2: NDI 8700340  s/n:34802401	80386	1	OK	0.4580262	0.6424757	0.6129816	0.0411164	-79.164	-209.939	156.699	0.2395587	0
1	Port 2: NDI 8700340  s/n:34802401	80389	1	OK	0.4572882	0.6425634	0.6133854	0.0419304	-79.526	-210.726	157.092	0.2295195	0
1	Port 2: NDI 8700340  s/n:34802401	80392	1	OK	0.4566559	0.6433673	0.6129896	0.0422817	-79.868	-211.328	157.253	0.2281244	0
1	Port 2: NDI 8700340  s/n:34802401	80395	1	OK	0.4561338	0.6427352	0.6139942	0.0429485	-80.646	-212.275	157.591	0.2496725	0
1	Port 2: NDI 8700340  s/n:34802401	80398	1	OK	0.4557068	0.6409628	0.6161681	0.0428353	-81.692	-213.224	158.617	0.2574555	0
1	Port 2: NDI 8700340  s/n:34802401	80401	1	OK	0.4547969	0.6400831	0.6177480	0.0429037	-82.605	-214.193	159.815	0.2417927	0
1	Port 2: NDI 8700340  s/n:34802401	80404	1	OK	0.4548438	0.6385634	0.6192112	0.0439475	-83.228	-215.162	160.446	0.2299153	0
1	Port 2: NDI 8700340  s/n:34802401	80407	1	OK	0.4550737	0.6379123	0.6198015	0.0426828	-83.708	-215.414	160.981	0.2421862	0
1	Port 2: NDI 8700340  s/n:34802401	80410	1	OK	0.4552475	0.6362634	0.6213510	0.0429141	-84.178	-216.231	161.366	0.2341856	0
1	Port 2: NDI 8700340  s/n:34802401	80413	1	OK	0.4552810	0.6359184	0.6216728	0.0430101	-84.313	-216.726	161.539	0.2363571	0
1	Port 2: NDI 8700340  s/n:34802401	80416	1	OK	0.4555619	0.6374357	0.6199034	0.0431138	-84.823	-216.965	161.463	0.2438608	0
1	Port 2: NDI 8700340  s/n:34802401	80419	1	OK	0.4555538	0.6369231	0.6204806	0.0424688	-85.156	-217.306	161.755	0.2547887	0
1	Port 2: NDI 8700340  s/n:34802401	80422	1	OK	0.4559507	0.6390851	0.6178196	0.0444772	-85.490	-217.560	161.484	0.2313383	0
1	Port 2: NDI 8700340  s/n:34802401	80425	1	OK	0.4561691	0.6392874	0.6174411	0.0445858	-85.580	-217.729	161.706	0.2454657	0
1	Port 2: NDI 8700340  s/n:34802401	80428	1	OK	0.4565697	0.6379216	0.6185441	0.0447591	-85.790	-218.202	161.873	0.2411975	0
1	Port 2: NDI 8700340  s/n:34802401	80431	1	OK	0.4565878	0.6392349	0.6171275	0.0453877	-85.291	-218.252	161.798	0.2558510	0
1	Port 2: NDI 8700340  s/n:34802401	80434	1	OK	0.4566190	0.6413259	0.6147948	0.0471975	-85.130	-218.577	161.570	0.2480935	0
1	Port 2: NDI 8700340  s/n:34802401	80437	1	OK	0.4566655	0.6413043	0.6148499	0.0463137	-85.125	-218.978	161.746	0.2329275	0
1	Port 2: NDI 8700340  s/n:34802401	80440	1	OK	0.4569349	0.6403981	0.6156261	0.0458837	-85.074	-219.593	161.880	0.2503661	0
1	Port 2: NDI 8700340  s/n:34802401	80443	1	OK	0.4568574	0.6406783	0.6152804	0.0473565	-85.221	-220.506	162.054	0.2200322	0
1	Port 2: NDI 8700340  s/n:34802401	80446	1	OK	0.4564411	0.6408316	0.6153436	0.0484619	-85.581	-221.418	162.305	0.2395616	0
1	Port 2: NDI 8700340  s/n:34802401	80449	1	OK	0.4557717	0.6412737	0.6152916	0.0495617	-85.854	-222.288	162.546	0.2375669	0
1	Port 2: NDI 8700340  s/n:34802401	80452	1	OK	0.4557243	0.6413205	0.6153045	0.0492305	-86.199	-222.457	162.647	0.2429975	0
1	Port 2: NDI 8700340  s/n:34802401	80455	1	OK	0.4550295	0.6424586	0.6143936	0.0521121	-86.585	-223.261	162.861	0.2259307	0
1	Port 2: NDI 8700340  s/n:34802401	80458	1	OK	0.4549062	0.6421261	0.6148304	0.0521341	-86.965	-223.860	163.203	0.2369313	0
1	Port 2: NDI 8700340  s/n:34802401	80461	1	OK	0.4545329	0.6425409	0.6147279	0.0514848	-87.280	-224.272	163.591	0.2296582	0
1	Port 2: NDI 8700340  s/n:34802401	80464	1	OK	0.4541584	0.6418506	0.6156446	0.0524369	-87.472	-225.212	163.921	0.2320694	0
1	Port 2: NDI 8700340  s/n:34802401	80467	1	OK	0.4536356	0.6411151	0.6167349	0.0531437	-87.901	-226.147	164.454	0.2459737	0
1	Port 2: NDI 8700340  s/n:34802401	80470	1	OK	0.4531253	0.6417221	0.6163731	0.0543542	-88.588	-226.843	164.796	0.2133901	0
1	Port 2: NDI 8700340  s/n:34802401	80473	1	OK	0.4526077	0.6410618	0.6173913	0.0549009	-88.414	-227.486	164.844	0.2536354	0
1	Port 2: NDI 8700340  s/n:34802401	80476	1	OK	0.4522154	0.6424101	0.6161598	0.0561921	-88.741	-227.990	164.788	0.2264532	0
1	Port 2: NDI 8700340  s/n:34802401	80479	1	OK	0.4521177	0.6425336	0.6160323	0.0569596	-88.905	-228.610	164.803	0.2198331	0
1	Port 2: NDI 8700340  s/n:34802401	80482	1	OK	0.4515209	0.6421768	0.6167958	0.0574518	-89.297	-229.394	165.293	0.2258444	0
1	Port 2: NDI 8700340  s/n:34802401	80485	1	OK	0.4514647	0.6416636	0.6173848	0.0573019	-89.434	-229.888	165.670	0.2149247	0
1	Port 2: NDI 8700340  s/n:34802401	80488	1	OK	0.4515368	0.6410328	0.6179122	0.0581028	-89.942	-230.692	165.905	0.2362887	0
1	Port 2: NDI 8700340  s/n:34802401	80491	1	OK	0.4511651	0.6403122	0.6189036	0.0583844	-89.877	-231.385	166.273	0.2419285	0
1	Port 2: NDI 8700340  s/n:34802401	80494	1	OK	0.4511159	0.6402146	0.6189133	0.0597164	-89.906	-232.005	166.292	0.2200705	0
1	Port 2: NDI 8700340  s/n:34802401	80497	1	OK	0.4509680	0.6402979	0.6188858	0.0602226	-89.960	-232.443	166.396	0.2226213	0
1	Port 2: NDI 8700340  s/n:34802401	80500	1	OK	0.4509435	0.6394651	0.6197852	0.0600049	-90.185	-232.986	166.508	0.2413567	0
1	Port 2: NDI 8700340  s/n:34802401	80503	1	OK	0.4507160	0.6402134	0.6191290	0.0605072	-90.322	-233.501	166.629	0.2239563	0
1	Port 2: NDI 8700340  s/n:34802401	80506	1	OK	0.4508153	0.6381979	0.6210425	0.0614420	-90.053	-234.533	166.856	0.2087774	0
1	Port 2: NDI 8700340  s/n:34802401	80509	1	OK	0.4510341	0.6373376	0.6217751	0.0613571	-89.950	-234.868	167.233	0.2197528	0
1	Port 2: NDI 8700340  s/n:34802401	80512	1	OK	0.4514760	0.6372190	0.6215468	0.0616521	-89.584	-234.994	167.124	0.2005517	0
1	Port 2: NDI 8700340  s/n:34802401	80515	1	OK	0.4519620	0.6354216	0.6230079	0.0618943	-88.682	-235.307	166.780	0.2185601	0
1	Port 2: NDI 8700340  s/n:34802401	80518	1	OK	0.4523430	0.6355833	0.6225324	0.0622344	-88.072	-235.214	166.422	0.2403770	0
1	Port 2: NDI 8700340  s/n:34802401	80521	1	OK	0.4530729	0.6357606	0.6217792	0.0626420	-87.928	-234.967	166.082	0.2292049	0
1	Port 2: NDI 8700340  s/n:34802401	80524	1	OK	0.4534174	0.6343659	0.6230090	0.0620675	-87.235	-234.394	166.195	0.2270187	0
1	Port 2: NDI 8700340  s/n:34802401	80527	1	OK	0.4546200	0.6329292	0.6234576	0.0634179	-87.028	-233.318	165.988	0.2478999	0
1	Port 2: NDI 8700340  s/n:34802401	80530	1	OK	0.4562312	0.6318920	0.6232681	0.0640502	-85.912	-231.350	165.304	0.2280128	0
1	Port 2: NDI 8700340  s/n:34802401	80533	1	OK	0.4585198	0.6311355	0.6222542	0.0650181	-84.319	-229.051	163.859	0.2272731	0
1	Port 2: NDI 8700340  s/n:34802401	80536	1	OK	0.4600686	0.6311734	0.6209561	0.0661107	-82.723	-226.864	162.920	0.2143280	0
1	Port 2: NDI 8700340  s/n:34802401	80539	1	OK	0.4613615	0.6287843	0.6222539	0.0676455	-82.086	-225.854	162.459	0.2359906	0
1	Port 2: NDI 8700340  s/n:34802401	80542	1	OK	0.4625954	0.6259216	0.6242798	0.0671008	-81.601	-225.021	162.143	0.2242611	0
1	Port 2: NDI 8700340  s/n:34802401	80545	1	OK	0.4634266	0.6242930	0.6252501	0.0675012	-81.170	-224.261	161.982	0.2340972	0
1	Port 2: NDI 8700340  s/n:34802401	80548	1	OK	0.4646744	0.6227985	0.6255363	0.0700297	-80.715	-223.545	161.534	0.2297983	0
1	Port 2: NDI 8700340  s/n:34802401	80551	1	OK	0.4652579	0.6228800	0.6246379	0.0733692	-80.152	-222.930	161.144	0.2248029	0
1	Port 2: NDI 8700340  s/n:34802401	80554	1	OK	0.4665933	0.6228982	0.6234963	0.0744369	-79.228	-222.040	160.148	0.2328694	0
1	Port 2: NDI 8700340  s/n:34802401	80557	1	OK	0.4677948	0.6232072	0.6221389	0.0756571	-77.783	-221.386	158.974	0.2495479	0
1	Port 2: NDI 8700340  s/n:34802401	80560	1	OK	0.4686510	0.6237664	0.6206565	0.0778921	-76.584	-220.942	158.172	0.2324369	0
1	Port 2: NDI 8700340  s/n:34802401	80563	1	OK	0.4698590	0.6225213	0.6208169	0.0792851	-76.004	-220.466	157.971	0.2411807	0
1	Port 2: NDI 8700340  s/n:34802401	80566	1	OK	0.4706491	0.6218656	0.6207101	0.0805704	-75.703	-220.137	158.163	0.2365824	0
1	Port 2: NDI 8700340  s/n:34802401	80569	1	OK	0.4720827	0.6209722	0.6205321	0.0804448	-75.403	-219.747	157.632	0.2604281	0
1	Port 2: NDI 8700340  s/n:34802401	80572	1	OK	0.4723126	0.6211965	0.6200514	0.0810676	-75.164	-219.383	157.537	0.2217325	0
1	Port 2: NDI 8700340  s/n:34802401	80575	1	OK	0.4724879	0.6210898	0.6199376	0.0817308	-74.903	-219.232	157.497	0.2129528	0
1	Port 2: NDI 8700340  s/n:34802401	80578	1	OK	0.4729329	0.6202262	0.6205026	0.0814282	-74.463	-219.295	157.203	0.2297669	0
1	Port 2: NDI 8700340  s/n:34802401	80581	1	OK	0.4735232	0.6195794	0.6206668	0.0816694	-73.936	-219.437	156.808	0.2506913	0
1	Port 2: NDI 8700340  s/n:34802401	80584	1	OK	0.4739724	0.6199364	0.6198234	0.0827528	-73.430	-219.310	156.547	0.2367191	0
1	Port 2: NDI 8700340  s/n:34802401	80587	1	OK	0.4745183	0.6190928	0.6201464	0.0835168	-72.380	-219.201	156.294	0.2204232	0
1	Port 2: NDI 8700340  s/n:34802401	80590	1	OK	0.4755939	0.6182650	0.6200044	0.0845780	-71.965	-219.145	155.842	0.2412949	0
1	Port 2: NDI 8700340  s/n:34802401	80593	1	OK	0.4756997	0.6199826	0.6179451	0.0864597	-71.314	-218.913	155.457	0.2324948	0
1	Port 2: NDI 8700340  s/n:34802401	80596	1	OK	0.4763638	0.6198346	0.6175868	0.0864240	-70.389	-218.560	155.012	0.2477272	0
1	Port 2: NDI 8700340  s/n:34802401	80599	1	OK	0.4776442	0.6202308	0.6162342	0.0861696	-69.342	-217.796	154.387	0.2373248	0
1	Port 2: NDI 8700340  s/n:34802401	80602	1	OK	0.4790514	0.6191456	0.6162516	0.0860375	-68.478	-217.145	154.324	0.2163541	0
1	Port 2: NDI 8700340  s/n:34802401	80605	1	OK	0.4802111	0.6161950	0.6182682	0.0862872	-68.500	-217.130	154.739	0.2207387	0
1	Port 2: NDI 8700340  s/n:34802401	80608	1	OK	0.4814478	0.6135216	0.6198736	0.0869254	-68.283	-217.167	154.804	0.2531480	0
1	Port 2: NDI 8700340  s/n:34802401	80611	1	OK	0.4823823	0.6116283	0.6209566	0.0873555	-67.134	-216.930	154.433	0.2609010	0
1	Port 2: NDI 8700340  s/n:34802401	80614	1	OK	0.4837151	0.6123367	0.6193194	0.0866427	-66.247	-215.782	153.748	0.2273661	0
1	Port 2: NDI 8700340  s/n:34802401	80617	1	OK	0.4843100	0.6136919	0.6176670	0.0855195	-64.729	-214.403	153.382	0.2392313	0
1	Port 2: NDI 8700340  s/n:34802401	80620	1	OK	0.4853753	0.6135877	0.6172637	0.0831051	-63.285	-212.922	153.084	0.2373334	0
1	Port 2: NDI 8700340  s/n:34802401	80623	1	OK	0.4862091	0.6131961	0.6170905	0.0824053	-62.496	-211.917	153.038	0.2360156	0
1	Port 2: NDI 8700340  s/n:34802401	80626	1	OK	0.4871463	0.6114361	0.6181999	0.0816289	-61.852	-211.280	153.018	0.2497160	0
1	Port 2: NDI 8700340  s/n:34802401	80629	1	OK	0.4879355	0.6098209	0.6191179	0.0820394	-61.775	-210.919	153.244	0.2324864	0
1	Port 2: NDI 8700340  s/n:34802401	80632	1	OK	0.4887430	0.6084685	0.6197380	0.0825902	-61.318	-210.604	153.020	0.2299764	0
1	Port 2: NDI 8700340  s/n:34802401	80635	1	OK	0.4890492	0.6095189	0.6187301	0.0805645	-60.743	-209.680	152.976	0.2394539	0
1	Port 2: NDI 8700340  s/n:34802401	80638	1	OK	0.4894256	0.6091958	0.6188630	0.0796972	-59.923	-209.173	153.024	0.2376747	0
1	Port 2: NDI 8700340  s/n:34802401	80641	1	OK	0.4900544	0.6084716	0.6191943	0.0787871	-58.716	-208.552	153.072	0.2449194	0
1	Port 2: NDI 8700340  s/n:34802401	80644	1	OK	0.4906531	0.6069493	0.6203286	0.0778745	-57.649	-207.946	153.555	0.2392670	0
1	Port 2: NDI 8700340  s/n:34802401	80647	1	OK	0.4917485	0.6052393	0.6212804	0.0766776	-56.386	-207.243	153.827	0.2550322	0
1	Port 2: NDI 8700340  s/n:34802401	80650	1	OK	0.4921215	0.6047739	0.6215372	0.0758718	-55.001	-206.618	154.164	0.2500729	0
1	Port 2: NDI 8700340  s/n:34802401	80653	1	OK	0.4923584	0.6052205	0.6212329	0.0732191	-53.781	-205.701	154.573	0.2367104	0
1	Port 2: NDI 8700340  s/n:34802401	80656	1	OK	0.4919761	0.6061978	0.6206017	0.0730565	-52.114	-205.462	155.050	0.2554637	0
1	Port 2: NDI 8700340  s/n:34802401	80659	1	OK	0.4919074	0.6069386	0.6200854	0.0717410	-50.816	-205.194	155.515	0.2692034	0
1	Port 2: NDI 8700340  s/n:34802401	80662	1	OK	0.4919801	0.6065158	0.6205418	0.0708662	-49.271	-205.372	155.969	0.2584169	0
1	Port 2: NDI 8700340  s/n:34802401	80665	1	OK	0.4937914	0.6036057	0.6221843	0.0686800	-48.158	-205.647	156.061	0.2434413	0
1	Port 2: NDI 8700340  s/n:34802401	80668	1	OK	0.4950682	0.6004627	0.6243804	0.0670906	-46.873	-206.086	156.315	0.2548378	0
1	Port 2: NDI 8700340  s/n:34802401	80671	1	OK	0.4954908	0.5996099	0.6250430	0.0654073	-45.531	-206.293	156.597	0.2479766	0
1	Port 2: NDI 8700340  s/n:34802401	80674	1	OK	0.4953929	0.6011870	0.6236028	0.0654192	-43.856	-206.649	156.698	0.2276120	0
1	Port 2: NDI 8700340  s/n:34802401	80677	1	OK	0.4950156	0.6015149	0.6236586	0.0647255	-42.771	-207.677	157.063	0.2410917	0
1	Port 2: NDI 8700340  s/n:34802401	80680	1	OK	0.4955463	0.6001342	0.6246683	0.0637357	-41.740	-208.640	157.197	0.2462222	0
1	Port 2: NDI 8700340  s/n:34802401	80683	1	OK	0.4967557	0.5982801	0.6256105	0.0624999	-41.108	-209.392	157.286	0.2633063	0
1	Port 2: NDI 8700340  s/n:34802401	80686	1	OK	0.4978130	0.5967852	0.6262722	0.0617479	-40.078	-209.961	157.409	0.2606161	0
1	Port 2: NDI 8700340  s/n:34802401	80689	1	OK	0.4986656	0.5947963	0.6276680	0.0598570	-39.092	-210.440	157.607	0.2744968	0
1	Port 2: NDI 8700340  s/n:34802401	80692	1	OK	0.4992796	0.5938339	0.6280820	0.0599512	-37.911	-211.007	157.586	0.2502620	0
1	Port 2: NDI 8700340  s/n:34802401	80695	1	OK	0.4991985	0.5941708	0.6278427	0.0597961	-36.880	-211.703	157.513	0.2635466	0
1	Port 2: NDI 8700340  s/n:34802401	80698	1	OK	0.4989628	0.5955960	0.6267461	0.0590832	-35.429	-212.127	157.433	0.2619170	0
1	Port 2: NDI 8700340  s/n:34802401	80701	1	OK	0.4983180	0.5973800	0.6253689	0.0610747	-34.131	-213.199	157.501	0.2586515	0
1	Port 2: NDI 8700340  s/n:34802401	80704	1	OK	0.4980952	0.5980470	0.6248300	0.0618751	-32.758	-213.881	158.175	0.2608571	0
1	Port 2: NDI 8700340  s/n:34802401	80707	1	OK	0.4989084	0.5950382	0.6271366	0.0609889	-31.748	-214.509	158.582	0.2654444	0
1	Port 2: NDI 8700340  s/n:34802401	80710	1	OK	0.4992247	0.5944128	0.6275009	0.0607507	-30.725	-214.897	158.712	0.2792490	0
1	Port 2: NDI 8700340  s/n:34802401	80713	1	OK	0.4986662	0.5960464	0.6263781	0.0609195	-29.333	-214.959	158.772	0.2628649	0
1	Port 2: NDI 8700340  s/n:34802401	80716	1	OK	0.4986267	0.5962448	0.6262461	0.0606578	-28.122	-215.182	158.615	0.2645494	0
1	Port 2: NDI 8700340  s/n:34802401	80719	1	OK	0.4985655	0.5963234	0.6262405	0.0604461	-26.699	-215.214	158.914	0.2430909	0
1	Port 2: NDI 8700340  s/n:34802401	80722	1	OK	0.4994092	0.5949073	0.6268025	0.0615990	-25.264	-215.403	159.261	0.2536514	0
1	Port 2: NDI 8700340  s/n:34802401	80725	1	OK	0.5000053	0.5920402	0.6291383	0.0605652	-23.889	-215.781	160.097	0.2563561	0
1	Port 2: NDI 8700340  s/n:34802401	80728	1	OK	0.5011898	0.5882996	0.6319281	0.0581311	-22.770	-216.371	160.658	0.2535141	0
1	Port 2: NDI 8700340  s/n:34802401	80731	1	OK	0.5024932	0.5841152	0.6349284	0.0563560	-21.625	-217.093	160.961	0.2512478	0
1	Port 2: NDI 8700340  s/n:34802401	80734	1	OK	0.5039157	0.5807092	0.6369773	0.0557285	-20.547	-217.692	161.007	0.2575629	0
1	Port 2: NDI 8700340  s/n:34802401	80737	1	OK	0.5043584	0.5803740	0.6369849	0.0551256	-19.682	-218.046	160.915	0.2582587	0
1	Port 2: NDI 8700340  s/n:34802401	80740	1	OK	0.5045348	0.5805337	0.6366662	0.0555105	-18.001	-218.068	160.372	0.2671262	0
1	Port 2: NDI 8700340  s/n:34802401	80743	1	OK	0.5044711	0.5828793	0.6344811	0.0565188	-16.838	-217.839	159.700	0.2773362	0
1	Port 2: NDI 8700340  s/n:34802401	80746	1	OK	0.5045326	0.5844878	0.6329312	0.0567361	-15.048	-216.966	159.001	0.2537207	0
1	Port 2: NDI 8700340  s/n:34802401	80749	1	OK	0.5036245	0.5870620	0.6311691	0.0578461	-13.586	-216.377	158.865	0.2656506	0
1	Port 2: NDI 8700340  s/n:34802401	80752	1	OK	0.5034920	0.5881817	0.6300583	0.0597052	-13.172	-216.420	158.804	0.2620453	0
1	Port 2: NDI 8700340  s/n:34802401	80755	1	OK	0.5031353	0.5880667	0.6304051	0.0601823	-12.287	-216.433	158.739	0.2697074	0
1	Port 2: NDI 8700340  s/n:34802401	80758	1	OK	0.5031781	0.5891830	0.6292234	0.0612619	-11.499	-216.342	158.593	0.2461950	0
1	Port 2: NDI 8700340  s/n:34802401	80761	1	OK	0.5032958	0.5888153	0.6295131	0.0608543	-10.486	-216.234	158.325	0.2519924	0
1	Port 2: NDI 8700340  s/n:34802401	80764	1	OK	0.5031878	0.5909020	0.6275908	0.0613734	-9.103	-215.698	157.970	0.2464936	0
1	Port 2: NDI 8700340  s/n:34802401	80767	1	OK	0.5035637	0.5927707	0.6256740	0.0598216	-7.046	-214.270	157.310	0.2662231	0
1	Port 2: NDI 8700340  s/n:34802401	80770	1	OK	0.5010599	0.5981519	0.6225218	0.0601654	-4.261	-213.214	157.667	0.2552092	0
1	Port 2: NDI 8700340  s/n:34802401	80773	1	OK	0.4998437	0.6008788	0.6209052	0.0598131	-2.387	-212.562	157.713	0.2652711	0
1	Port 2: NDI 8700340  s/n:34802401	80776	1	OK	0.4993111	0.6023622	0.6199001	0.0597669	-1.216	-212.295	157.904	0.2512372	0
1	Port 2: NDI 8700340  s/n:34802401	80779	1	OK	0.4991549	0.6019912	0.6203985	0.0596379	-0.274	-212.149	158.397	0.2414073	0
1	Port 2: NDI 8700340  s/n:34802401	80782	1	OK	0.4999483	0.6004073	0.6213423	0.0591317	0.494	-211.900	158.591	0.2694764	0
1	Port 2: NDI 8700340  s/n:34802401	80785	1	OK	0.5002903	0.5997928	0.6217748	0.0579168	1.659	-211.385	158.808	0.2562585	0
1	Port 2: NDI 8700340  s/n:34802401	80788	1	OK	0.4996910	0.6012568	0.6208825	0.0574814	3.109	-210.989	158.985	0.2447576	0
1	Port 2: NDI 8700340  s/n:34802401	80791	1	OK	0.4996373	0.6018878	0.6203352	0.0572539	4.039	-210.753	158.880	0.2712414	0
1	Port 2: NDI 8700340  s/n:34802401	80794	1	OK	0.4994259	0.6040564	0.6183603	0.0576212	4.875	-210.548	158.981	0.2521546	0
1	Port 2: NDI 8700340  s/n:34802401	80797	1	OK	0.4986119	0.6068498	0.6161027	0.0594714	5.950	-210.516	159.064	0.2593653	0
1	Port 2: NDI 8700340  s/n:34802401	80800	1	OK	0.4988259	0.6075978	0.6150661	0.0607569	6.767	-210.524	158.902	0.2483523	0
1	Port 2: NDI 8700340  s/n:34802401	80803	1	OK	0.4987440	0.6086293	0.6141606	0.0602620	7.430	-210.269	159.014	0.2583241	0
1	Port 2: NDI 8700340  s/n:34802401	80806	1	OK	0.4990721	0.6078387	0.6147781	0.0592198	8.046	-209.843	158.876	0.2532359	0
1	Port 2: NDI 8700340  s/n:34802401	80809	1	OK	0.4990937	0.6087156	0.6138563	0.0595920	8.479	-209.231	158.578	0.2604114	0
1	Port 2: NDI 8700340  s/n:34802401	80812	1	OK	0.4997977	0.6093045	0.6127351	0.0592109	9.050	-208.045	157.955	0.2691201	0
1	Port 2: NDI 8700340  s/n:34802401	80815	1	OK	0.4995622	0.6121343	0.6103376	0.0567211	10.767	-205.942	157.500	0.2680637	0
1	Port 2: NDI 8700340  s/n:34802401	80818	1	OK	0.4980465	0.6179315	0.6056901	0.0570076	11.973	-204.356	157.643	0.2666909	0
1	Port 2: NDI 8700340  s/n:34802401	80821	1	OK	0.4993885	0.6165307	0.6060504	0.0566030	12.175	-203.248	156.926	0.2570724	0
1	Port 2: NDI 8700340  s/n:34802401	80824	1	OK	0.4988639	0.6178731	0.6051702	0.0560059	12.713	-202.185	157.108	0.2549745	0
1	Port 2: NDI 8700340  s/n:34802401	80827	1	OK	0.4988322	0.6185720	0.6044751	0.0560795	12.672	-201.467	156.934	0.2586026	0
1	Port 2: NDI 8700340  s/n:34802401	80830	1	OK	0.4989132	0.6181724	0.6048170	0.0560787	13.173	-200.733	156.506	0.2607571	0
1	Port 2: NDI 8700340  s/n:34802401	80833	1	OK	0.4988158	0.6201616	0.6028774	0.0558683	13.181	-200.020	156.285	0.2460848	0
1	Port 2: NDI 8700340  s/n:34802401	80836	1	OK	0.4995774	0.6197644	0.6026719	0.0556870	13.246	-199.308	156.046	0.2554589	0
1	Port 2: NDI 8700340  s/n:34802401	80839	1	OK	0.4992293	0.6200878	0.6026946	0.0549589	13.483	-198.590	156.279	0.2542764	0
1	Port 2: NDI 8700340  s/n:34802401	80842	1	OK	0.4996175	0.6183941	0.6041145	0.0549249	13.399	-197.986	156.521	0.2580464	0
1	Port 2: NDI 8700340  s/n:34802401	80845	1	OK	0.4997476	0.6185346	0.6038511	0.0550558	13.183	-197.215	156.675	0.2608458	0
1	Port 2: NDI 8700340  s/n:34802401	80848	1	OK	0.5002866	0.6179285	0.6041334	0.0538563	13.298	-196.268	156.409	0.2690319	0
1	Port 2: NDI 8700340  s/n:34802401	80851	1	OK	0.4997206	0.6192632	0.6031575	0.0547130	13.527	-195.581	156.494	0.2507348	0
1	Port 2: NDI 8700340  s/n:34802401	80854	1	OK	0.5001996	0.6197522	0.6023022	0.0542184	13.056	-195.164	156.050	0.2449213	0
1	Port 2: NDI 8700340  s/n:34802401	80857	1	OK	0.4992887	0.6210758	0.6016727	0.0544583	13.471	-194.753	156.058	0.2647206	0
1	Port 2: NDI 8700340  s/n:34802401	80860	1	OK	0.4997339	0.6199185	0.6025639	0.0537016	13.173	-194.609	155.963	0.2593378	0
1	Port 2: NDI 8700340  s/n:34802401	80863	1	OK	0.4993595	0.6201882	0.6025586	0.0541279	13.117	-194.510	156.187	0.2711207	0
1	Port 2: NDI 8700340  s/n:34802401	80866	1	OK	0.4994046	0.6207062	0.6020523	0.0534023	13.215	-193.972	155.961	0.2553158	0
1	Port 2: NDI 8700340  s/n:34802401	80869	1	OK	0.4996548	0.6203845	0.6021037	0.0542142	13.168	-193.708	155.582	0.2761400	0
1	Port 2: NDI 8700340  s/n:34802401	80872	1	OK	0.4999659	0.6203024	0.6020021	0.0534084	12.811	-193.434	155.306	0.2719942	0
1	Port 2: NDI 8700340  s/n:34802401	80875	1	OK	0.4998955	0.6201402	0.6021288	0.0545112	12.180	-193.734	155.313	0.2546276	0
1	Port 2: NDI 8700340  s/n:34802401	80878	1	OK	0.4996187	0.6195504	0.6029372	0.0548191	11.690	-193.927	155.713	0.2427564	0
1	Port 2: NDI 8700340  s/n:34802401	80881	1	OK	0.4986133	0.6200931	0.6032088	0.0548500	11.771	-193.878	156.438	0.2688024	0
1	Port 2: NDI 8700340  s/n:34802401	80884	1	OK	0.4987930	0.6197387	0.6034413	0.0546636	11.350	-193.803	156.559	0.2765278	0
1	Port 2: NDI 8700340  s/n:34802401	80887	1	OK	0.4986368	0.6189537	0.6043965	0.0544291	11.007	-193.907	156.605	0.2664736	0
1	Port 2: NDI 8700340  s/n:34802401	80890	1	OK	0.4985655	0.6191944	0.6041960	0.0545698	10.857	-193.785	156.600	0.2673210	0
1	Port 2: NDI 8700340  s/n:34802401	80893	1	OK	0.4987482	0.6187743	0.6044427	0.0549325	10.356	-193.910	156.568	0.2505274	0
1	Port 2: NDI 8700340  s/n:34802401	80896	1	OK	0.4984356	0.6182595	0.6052408	0.0547786	9.800	-194.054	156.856	0.2676749	0
1	Port 2: NDI 8700340  s/n:34802401	80899	1	OK	0.4987403	0.6175744	0.6056717	0.0549697	9.236	-194.030	156.872	0.2733167	0
1	Port 2: NDI 8700340  s/n:34802401	80902	1	OK	0.4985817	0.6179818	0.6053957	0.0548714	8.932	-193.724	156.962	0.2560790	0
1	Port 2: NDI 8700340  s/n:34802401	80905	1	OK	0.4983664	0.6175376	0.6060549	0.0545495	8.752	-193.308	157.135	0.2537751	0
1	Port 2: NDI 8700340  s/n:34802401	80908	1	OK	0.4980781	0.6170092	0.6067734	0.0551712	8.205	-193.411	157.330	0.2567747	0
1	Port 2: NDI 8700340  s/n:34802401	80911	1	OK	0.4977603	0.6174353	0.6066062	0.0551119	7.864	-193.454	157.128	0.2585186	0
1	Port 2: NDI 8700340  s/n:34802401	80914	1	OK	0.4979746	0.6170290	0.6068054	0.0555321	7.565	-193.455	156.828	0.2601758	0
1	Port 2: NDI 8700340  s/n:34802401	80917	1	OK	0.4975706	0.6172662	0.6067157	0.0574636	6.658	-193.853	157.113	0.2554247	0
1	Port 2: NDI 8700340  s/n:34802401	80920	1	OK	0.4976032	0.6171648	0.6068358	0.0570004	6.566	-193.550	157.104	0.2585660	0
1	Port 2: NDI 8700340  s/n:34802401	80923	1	OK	0.4970484	0.6170853	0.6073794	0.0569107	6.521	-193.366	157.478	0.2631837	0
1	Port 2: NDI 8700340  s/n:34802401	80926	1	OK	0.4961714	0.6164131	0.6088359	0.0562825	6.604	-193.307	157.954	0.2805823	0
1	Port 2: NDI 8700340  s/n:34802401	80929	1	OK	0.4956087	0.6172074	0.6084113	0.0571200	6.440	-193.294	158.387	0.2628821	0
1	Port 2: NDI 8700340  s/n:34802401	80932	1	OK	0.4954306	0.6165308	0.6093096	0.0563915	5.777	-193.586	158.803	0.2516525	0
1	Port 2: NDI 8700340  s/n:34802401	80935	1	OK	0.4945383	0.6170866	0.6093883	0.0572874	5.169	-194.281	159.345	0.2613102	0
1	Port 2: NDI 8700340  s/n:34802401	80938	1	OK	0.4938305	0.6165314	0.6105522	0.0569782	4.472	-194.978	159.949	0.2773347	0
1	Port 2: NDI 8700340  s/n:34802401	80941	1	OK	0.4933061	0.6169166	0.6105574	0.0572948	3.791	-195.372	160.366	0.2573741	0
1	Port 2: NDI 8700340  s/n:34802401	80944	1	OK	0.4932463	0.6183497	0.6091304	0.0575499	3.483	-195.242	160.023	0.2695155	0
1	Port 2: NDI 8700340  s/n:34802401	80947	1	OK	0.4932777	0.6192285	0.6082128	0.0575355	3.106	-195.088	159.399	0.2838196	0
1	Port 2: NDI 8700340  s/n:34802401	80950	1	OK	0.4937366	0.6199529	0.6070167	0.0584236	2.646	-195.039	158.491	0.2557074	0
1	Port 2: NDI 8700340  s/n:34802401	80953	1	OK	0.4943697	0.6199219	0.6064750	0.0590211	2.102	-195.166	157.755	0.2705164	0
1	Port 2: NDI 8700340  s/n:34802401	80956	1	OK	0.4950590	0.6203577	0.6054591	0.0590952	1.580	-195.158	157.065	0.2592941	0
1	Port 2: NDI 8700340  s/n:34802401	80959	1	OK	0.4949239	0.6204905	0.6054039	0.0593967	1.288	-195.254	157.046	0.2696385	0
1	Port 2: NDI 8700340  s/n:34802401	80962	1	OK	0.4943800	0.6202824	0.6060800	0.0592048	1.217	-195.429	157.138	0.2738741	0
1	Port 2: NDI 8700340  s/n:34802401	80965	1	OK	0.4944502	0.6211282	0.6051653	0.0591073	1.001	-195.289	156.855	0.2564192	0
1	Port 2: NDI 8700340  s/n:34802401	80968	1	OK	0.4947259	0.6214251	0.6046250	0.0592100	1.225	-194.930	156.503	0.2550214	0
1	Port 2: NDI 8700340  s/n:34802401	80971	1	OK	0.4958036	0.6208159	0.6045234	0.0576008	1.492	-194.382	155.790	0.2681819	0
1	Port 2: NDI 8700340  s/n:34802401	80974	1	OK	0.4960625	0.6204210	0.6046985	0.0577886	1.466	-194.484	155.371	0.2497173	0
1	Port 2: NDI 8700340  s/n:34802401	80977	1	OK	0.4974009	0.6180412	0.6061195	0.0568901	1.282	-194.490	154.757	0.2557869	0
1	Port 2: NDI 8700340  s/n:34802401	80980	1	OK	0.4968216	0.6187262	0.6059048	0.0567940	1.809	-194.278	155.068	0.2656077	0
1	Port 2: NDI 8700340  s/n:34802401	80983	1	OK	0.4972226	0.6188706	0.6054335	0.0567375	2.084	-193.907	154.793	0.2632141	0
1	Port 2: NDI 8700340  s/n:34802401	80986	1	OK	0.4968884	0.6203693	0.6040355	0.0581803	1.963	-193.750	154.729	0.2418397	0
1	Port 2: NDI 8700340  s/n:34802401	80989	1	OK	0.4966600	0.6186859	0.6059996	0.0576289	1.336	-193.947	155.089	0.2597699	0
1	Port 2: NDI 8700340  s/n:34802401	80992	1	OK	0.4962475	0.6188018	0.6062146	0.0576772	0.811	-194.002	155.439	0.2564676	0
1	Port 2: NDI 8700340  s/n:34802401	80995	1	OK	0.4961939	0.6196306	0.6052746	0.0590940	0.273	-193.949	155.502	0.2666520	0
1	Port 2: NDI 8700340  s/n:34802401	80998	1	OK	0.4959222	0.6180524	0.6072474	0.0576459	-0.088	-193.662	156.085	0.2852017	0
1	Port 2: NDI 8700340  s/n:34802401	81001	1	OK	0.4954653	0.6189079	0.6067295	0.0578489	-0.584	-193.252	156.892	0.2593019	0
1	Port 2: NDI 8700340  s/n:34802401	81004	1	OK	0.4951808	0.6182380	0.6077753	0.0564532	-0.527	-192.652	157.345	0.2599796	0
1	Port 2: NDI 8700340  s/n:34802401	81007	1	OK	0.4953341	0.6187057	0.6070706	0.0575559	-0.731	-192.406	157.154	0.2716689	0
1	Port 2: NDI 8700340  s/n:34802401	81010	1	OK	0.4955346	0.6199058	0.6057673	0.0566410	-0.544	-191.701	156.518	0.2741032	0
1	Port 2: NDI 8700340  s/n:34802401	81013	1	OK	0.4960875	0.6201855	0.6049659	0.0573020	-0.634	-191.377	155.786	0.2600123	0
1	Port 2: NDI 8700340  s/n:34802401	81016	1	OK	0.4972003	0.6195818	0.6046912	0.0570858	-1.240	-191.261	154.511	0.2518709	0
1	Port 2: NDI 8700340  s/n:34802401	81019	1	OK	0.4982757	0.6182553	0.6052020	0.0566773	-1.497	-191.056	153.531	0.2490977	0
1	Port 2: NDI 8700340  s/n:34802401	81022	1	OK	0.4976115	0.6191829	0.6047876	0.0568098	-1.821	-190.947	153.983	0.2627114	0
1	Port 2: NDI 8700340  s/n:34802401	81025	1	OK	0.4970880	0.6187319	0.6056621	0.0569889	-1.937	-190.905	154.422	0.2723266	0
1	Port 2: NDI 8700340  s/n:34802401	81028	1	OK	0.4961417	0.6193722	0.6056853	0.0580240	-2.285	-191.021	155.136	0.2563692	0
1	Port 2: NDI 8700340  s/n:34802401	81031	1	OK	0.4951637	0.6187084	0.6072742	0.0568407	-2.506	-190.824	156.480	0.2624578	0
1	Port 2: NDI 8700340  s/n:34802401	81034	1	OK	0.4947458	0.6183314	0.6080099	0.0567172	-3.008	-190.710	157.541	0.2660579	0
1	Port 2: NDI 8700340  s/n:34802401	81037	1	OK	0.4952487	0.6170422	0.6089012	0.0568064	-2.837	-190.151	157.656	0.2664052	0
1	Port 2: NDI 8700340  s/n:34802401	81040	1	OK	0.4951454	0.6193201	0.6067185	0.0562704	-2.818	-189.264	157.396	0.2617424	0
1	Port 2: NDI 8700340  s/n:34802401	81043	1	OK	0.4951253	0.6192012	0.6069251	0.0555219	-2.495	-188.549	157.056	0.2710674	0
1	Port 2: NDI 8700340  s/n:34802401	81046	1	OK	0.4950734	0.6208381	0.6052928	0.0555250	-2.631	-187.989	156.611	0.2697564	0
1	Port 2: NDI 8700340  s/n:34802401	81049	1	OK	0.4944415	0.6209698	0.6056244	0.0560641	-2.781	-187.893	156.826	0.2625374	0
1	Port 2: NDI 8700340  s/n:34802401	81052	1	OK	0.4938877	0.6206251	0.6064268	0.0560893	-3.544	-188.135	157.642	0.2525551	0
1	Port 2: NDI 8700340  s/n:34802401	81055	1	OK	0.4931512	0.6198850	0.6077148	0.0568090	-4.564	-188.820	158.753	0.2711743	0
1	Port 2: NDI 8700340  s/n:34802401	81058	1	OK	0.4929451	0.6211809	0.6065390	0.0570072	-4.545	-189.106	158.351	0.2626740	0
1	Port 2: NDI 8700340  s/n:34802401	81061	1	OK	0.4927872	0.6227233	0.6049822	0.0580779	-5.067	-189.772	157.698	0.2468599	0
1	Port 2: NDI 8700340  s/n:34802401	81064	1	OK	0.4927085	0.6220690	0.6056449	0.0588456	-5.951	-190.337	157.486	0.2535492	0
1	Port 2: NDI 8700340  s/n:34802401	81067	1	OK	0.4926440	0.6223042	0.6053032	0.0603937	-6.380	-190.663	157.327	0.2599093	0
1	Port 2: NDI 8700340  s/n:34802401	81070	1	OK	0.4923304	0.6223625	0.6055910	0.0594580	-6.172	-190.715	157.239	0.2607996	0
1	Port 2: NDI 8700340  s/n:34802401	81073	1	OK	0.4924357	0.6230218	0.6046878	0.0608567	-6.572	-191.280	157.135	0.2445871	0
1	Port 2: NDI 8700340  s/n:34802401	81076	1	OK	0.4921329	0.6225217	0.6054777	0.0605697	-6.692	-191.788	157.409	0.2596141	0
1	Port 2: NDI 8700340  s/n:34802401	81079	1	OK	0.4921119	0.6220374	0.6060047	0.0604455	-6.722	-192.250	157.406	0.2677698	0
1	Port 2: NDI 8700340  s/n:34802401	81082	1	OK	0.4917221	0.6224943	0.6057816	0.0611458	-7.088	-192.881	157.487	0.2479596	0
1	Port 2: NDI 8700340  s/n:34802401	81085	1	OK	0.4913969	0.6234221	0.6050471	0.0615792	-7.364	-193.231	157.300	0.2391985	0
1	Port 2: NDI 8700340  s/n:34802401	81088	1	OK	0.4915173	0.6227387	0.6056535	0.0615725	-7.557	-193.572	157.027	0.2628585	0
1	Port 2: NDI 8700340  s/n:34802401	81091	1	OK	0.4908459	0.6234114	0.6055068	0.0615637	-7.727	-193.773	157.359	0.2597845	0
1	Port 2: NDI 8700340  s/n:34802401	81094	1	OK	0.4908818	0.6227273	0.6062973	0.0604100	-7.835	-194.016	157.379	0.2457004	0
1	Port 2: NDI 8700340  s/n:34802401	81097	1	OK	0.4897721	0.6240246	0.6058922	0.0600935	-7.796	-194.462	157.691	0.2629170	0
1	Port 2: NDI 8700340  s/n:34802401	81100	1	OK	0.4894454	0.6238437	0.6063410	0.0601077	-8.054	-195.089	157.853	0.2533464	0
1	Port 2: NDI 8700340  s/n:34802401	81103	1	OK	0.4889742	0.6234307	0.6072130	0.0594211	-8.008	-195.459	158.152	0.2577100	0
1	Port 2: NDI 8700340  s/n:34802401	81106	1	OK	0.4888797	0.6236470	0.6070041	0.0600584	-8.266	-195.817	158.143	0.2634146	0
1	Port 2: NDI 8700340  s/n:34802401	81109	1	OK	0.4880829	0.6242964	0.6070084	0.0597490	-8.398	-195.867	158.435	0.2483002	0
1	Port 2: NDI 8700340  s/n:34802401	81112	1	OK	0.4878620	0.6245775	0.6069325	0.0593853	-8.709	-195.924	158.357	0.2559791	0
1	Port 2: NDI 8700340  s/n:34802401	81115	1	OK	0.4871064	0.6265508	0.6054133	0.0603001	-8.890	-195.960	158.148	0.2736714	0
1	Port 2: NDI 8700340  s/n:34802401	81118	1	OK	0.4867617	0.6259462	0.6063054	0.0604001	-9.359	-195.893	158.321	0.2504086	0
1	Port 2: NDI 8700340  s/n:34802401	81121	1	OK	0.4865388	0.6255420	0.6068907	0.0605060	-10.091	-195.801	158.537	0.2506657	0
1	Port 2: NDI 8700340  s/n:34802401	81124	1	OK	0.4861400	0.6253958	0.6073282	0.0608317	-10.401	-195.554	158.689	0.2700449	0
1	Port 2: NDI 8700340  s/n:34802401	81127	1	OK	0.4857084	0.6255055	0.6075166	0.0612682	-10.996	-195.389	158.810	0.2612371	0
1	Port 2: NDI 8700340  s/n:34802401	81130	1	OK	0.4856909	0.6263382	0.6065968	0.0620088	-11.224	-194.902	158.526	0.2620700	0
1	Port 2: NDI 8700340  s/n:34802401	81133	1	OK	0.4854593	0.6267910	0.6064326	0.0608433	-11.616	-194.362	158.425	0.2723875	0
1	Port 2: NDI 8700340  s/n:34802401	81136	1	OK	0.4848448	0.6286067	0.6049829	0.0614405	-12.385	-194.157	158.490	0.2617670	0
1	Port 2: NDI 8700340  s/n:34802401	81139	1	OK	0.4846315	0.6280287	0.6056923	0.0620420	-13.063	-194.208	158.569	0.2599576	0
1	Port 2: NDI 8700340  s/n:34802401	81142	1	OK	0.4845969	0.6283214	0.6053735	0.0624567	-13.854	-194.035	158.590	0.2623970	0
1	Port 2: NDI 8700340  s/n:34802401	81145	1	OK	0.4844117	0.6278833	0.6059593	0.0626193	-14.322	-193.535	158.774	0.2657083	0
1	Port 2: NDI 8700340  s/n:34802401	81148	1	OK	0.4845983	0.6286885	0.6049888	0.0624804	-14.916	-192.756	158.685	0.2698460	0
1	Port 2: NDI 8700340  s/n:34802401	81151	1	OK	0.4847598	0.6292964	0.6042008	0.0627324	-15.125	-192.085	158.256	0.2588434	0
1	Port 2: NDI 8700340  s/n:34802401	81154	1	OK	0.4851756	0.6280027	0.6051895	0.0629514	-15.417	-191.765	157.950	0.2537695	0
1	Port 2: NDI 8700340  s/n:34802401	81157	1	OK	0.4852319	0.6285093	0.6045271	0.0638201	-16.278	-191.468	158.052	0.2629343	0
1	Port 2: NDI 8700340  s/n:34802401	81160	1	OK	0.4852287	0.6282972	0.6047989	0.0633564	-16.481	-190.873	158.266	0.2512811	0
1	Port 2: NDI 8700340  s/n:34802401	81163	1	OK	0.4852096	0.6301616	0.6027709	0.0643061	-16.706	-190.311	157.947	0.2662317	0
1	Port 2: NDI 8700340  s/n:34802401	81166	1	OK	0.4842168	0.6312123	0.6024485	0.0645049	-16.363	-189.760	157.904	0.2566079	0
1	Port 2: NDI 8700340  s/n:34802401	81169	1	OK	0.4837667	0.6320729	0.6018519	0.0650226	-16.434	-189.375	157.399	0.2515765	0
1	Port 2: NDI 8700340  s/n:34802401	81172	1	OK	0.4823754	0.6357225	0.5989768	0.0663151	-16.355	-189.014	157.270	0.2486420	0
1	Port 2: NDI 8700340  s/n:34802401	81175	1	OK	0.4824425	0.6360895	0.5984226	0.0673032	-16.413	-188.904	156.917	0.2483409	0
1	Port 2: NDI 8700340  s/n:34802401	81178	1	OK	0.4815159	0.6376740	0.5974967	0.0671708	-16.102	-188.773	157.127	0.2377919	0
1	Port 2: NDI 8700340  s/n:34802401	81181	1	OK	0.4818475	0.6370850	0.5979043	0.0667542	-16.549	-189.074	157.176	0.2550179	0
1	Port 2: NDI 8700340  s/n:34802401	81184	1	OK	0.4814517	0.6355797	0.5999253	0.0658198	-16.459	-189.410	157.583	0.2594777	0
1	Port 2: NDI 8700340  s/n:34802401	81187	1	OK	0.4817500	0.6364120	0.5987232	0.0665374	-16.412	-189.376	157.339	0.2439069	0
1	Port 2: NDI 8700340  s/n:34802401	81190	1	OK	0.4814762	0.6376057	0.5976060	0.0671317	-16.250	-189.426	157.028	0.2476799	0
1	Port 2: NDI 8700340  s/n:34802401	81193	1	OK	0.4813478	0.6380577	0.5973054	0.0664297	-15.890	-189.425	156.706	0.2616584	0
1	Port 2: NDI 8700340  s/n:34802401	81196	1	OK	0.4809206	0.6395341	0.5959992	0.0670563	-15.782	-189.790	156.548	0.2406134	0
1	Port 2: NDI 8700340  s/n:34802401	81199	1	OK	0.4806968	0.6377693	0.5981276	0.0665155	-16.059	-190.546	156.854	0.2626154	0
1	Port 2: NDI 8700340  s/n:34802401	81202	1	OK	0.4807783	0.6374460	0.5985574	0.0651446	-15.483	-190.544	156.873	0.2489580	0
1	Port 2: NDI 8700340  s/n:34802401	81205	1	OK	0.4806093	0.6386184	0.5973697	0.0658072	-15.465	-190.825	156.951	0.2465634	0
1	Port 2: NDI 8700340  s/n:34802401	81208	1	OK	0.4807516	0.6376219	0.5982931	0.0660419	-15.055	-191.114	156.916	0.2649110	0
1	Port 2: NDI 8700340  s/n:34802401	81211	1	OK	0.4812834	0.6380863	0.5973971	0.0657936	-14.405	-190.860	156.639	0.2523065	0
1	Port 2: NDI 8700340  s/n:34802401	81214	1	OK	0.4812437	0.6372303	0.5983182	0.0660108	-14.517	-191.278	156.746	0.2719767	0
1	Port 2: NDI 8700340  s/n:34802401	81217	1	OK	0.4812891	0.6380834	0.5974780	0.0650423	-14.728	-191.366	156.774	0.2602336	0
1	Port 2: NDI 8700340  s/n:34802401	81220	1	OK	0.4811782	0.6383434	0.5971360	0.0664368	-15.105	-192.051	156.711	0.2534722	0
1	Port 2: NDI 8700340  s/n:34802401	81223	1	OK	0.4808561	0.6376762	0.5979131	0.0681644	-15.451	-192.798	156.878	0.2636984	0
1	Port 2: NDI 8700340  s/n:34802401	81226	1	OK	0.4810255	0.6365537	0.5992310	0.0658492	-14.595	-192.378	156.686	0.2817702	0
1	Port 2: NDI 8700340  s/n:34802401	81229	1	OK	0.4803795	0.6394762	0.5964885	0.0671353	-14.897	-192.670	156.410	0.2620077	0
1	Port 2: NDI 8700340  s/n:34802401	81232	1	OK	0.4813690	0.6374436	0.5978770	0.0670274	-15.735	-193.265	155.681	0.2619272	0
1	Port 2: NDI 8700340  s/n:34802401	81235	1	OK	0.4816316	0.6363698	0.5987388	0.0676481	-16.306	-193.811	155.410	0.2613742	0
1	Port 2: NDI 8700340  s/n:34802401	81238	1	OK	0.4826954	0.6345731	0.5997252	0.0682040	-17.048	-194.220	154.854	0.2463687	0
1	Port 2: NDI 8700340  s/n:34802401	81241	1	OK	0.4823770	0.6356342	0.5989099	0.0677383	-16.850	-194.077	155.100	0.2445786	0
1	Port 2: NDI 8700340  s/n:34802401	81244	1	OK	0.4815595	0.6360831	0.5989417	0.0690478	-17.335	-194.565	155.758	0.2531262	0
1	Port 2: NDI 8700340  s/n:34802401	81247	1	OK	0.4823081	0.6335904	0.6010861	0.0681004	-17.461	-194.394	155.714	0.2663204	0
1	Port 2: NDI 8700340  s/n:34802401	81250	1	OK	0.4816920	0.6343599	0.6008234	0.0676137	-17.238	-193.808	156.258	0.2536974	0
1	Port 2: NDI 8700340  s/n:34802401	81253	1	OK	0.4810158	0.6364129	0.5992535	0.0670645	-17.121	-193.050	156.854	0.2498455	0
1	Port 2: NDI 8700340  s/n:34802401	81256	1	OK	0.4810191	0.6355092	0.6001609	0.0674950	-17.443	-192.829	157.178	0.2646013	0
1	Port 2: NDI 8700340  s/n:34802401	81259	1	OK	0.4810549	0.6356639	0.5999315	0.0678219	-18.062	-192.598	157.171	0.2391356	0
1	Port 2: NDI 8700340  s/n:34802401	81262	1	OK	0.4816718	0.6347692	0.6004490	0.0672411	-18.480	-192.023	156.931	0.2554389	0
1	Port 2: NDI 8700340  s/n:34802401	81265	1	OK	0.4821641	0.6342254	0.6005961	0.0675295	-18.842	-191.401	156.692	0.2531572	0
1	Port 2: NDI 8700340  s/n:34802401	81268	1	OK	0.4819773	0.6350734	0.5998550	0.0674801	-19.034	-190.671	156.561	0.2589109	0
1	Port 2: NDI 8700340  s/n:34802401	81271	1	OK	0.4825151	0.6351245	0.5993617	0.0675405	-19.452	-190.158	156.000	0.2417089	0
1	Port 2: NDI 8700340  s/n:34802401	81274	1	OK	0.4829843	0.6339725	0.6001742	0.0677929	-20.107	-190.039	155.597	0.2522338	0
1	Port 2: NDI 8700340  s/n:34802401	81277	1	OK	0.4828971	0.6338636	0.6004045	0.0673930	-20.329	-189.640	155.861	0.2540131	0
1	Port 2: NDI 8700340  s/n:34802401	81280	1	OK	0.4824049	0.6349984	0.5995423	0.0679091	-20.246	-189.282	156.046	0.2496117	0
1	Port 2: NDI 8700340  s/n:34802401	81283	1	OK	0.4823439	0.6344494	0.6002483	0.0672331	-20.400	-188.862	156.095	0.2593521	0
1	Port 2: NDI 8700340  s/n:34802401	81286	1	OK	0.4825239	0.6345248	0.5999100	0.0682424	-20.959	-188.556	156.176	0.2451584	0
1	Port 2: NDI 8700340  s/n:34802401	81289	1	OK	0.4824063	0.6346931	0.5998049	0.0684316	-21.235	-188.216	156.248	0.2554817	0
1	Port 2: NDI 8700340  s/n:34802401	81292	1	OK	0.4825021	0.6354862	0.5989378	0.0679880	-21.564	-187.685	156.134	0.2495413	0
1	Port 2: NDI 8700340  s/n:34802401	81295	1	OK	0.4827940	0.6355242	0.5985885	0.0686350	-22.099	-187.516	155.656	0.2574638	0
1	Port 2: NDI 8700340  s/n:34802401	81298	1	OK	0.4829659	0.6355374	0.5983936	0.0690023	-22.638	-187.302	155.361	0.2568910	0
1	Port 2: NDI 8700340  s/n:34802401	81301	1	OK	0.4838845	0.6346475	0.5987625	0.0675410	-22.657	-186.618	154.632	0.2637940	0
1	Port 2: NDI 8700340  s/n:34802401	81304	1	OK	0.4842315	0.6342795	0.5988027	0.0681526	-22.974	-186.441	153.916	0.2641770	0
1	Port 2: NDI 8700340  s/n:34802401	81307	1	OK	0.4855299	0.6340087	0.5979857	0.0686067	-23.552	-186.024	152.823	0.2617589	0
1	Port 2: NDI 8700340  s/n:34802401	81310	1	OK	0.4861132	0.6327364	0.5989482	0.0678211	-23.761	-185.672	152.249	0.2404634	0
1	Port 2: NDI 8700340  s/n:34802401	81313	1	OK	0.4852442	0.6333556	0.5989372	0.0683587	-24.107	-185.693	152.761	0.2651767	0
1	Port 2: NDI 8700340  s/n:34802401	81316	1	OK	0.4847559	0.6341755	0.5984802	0.0682251	-24.191	-185.369	153.261	0.2457192	0
1	Port 2: NDI 8700340  s/n:34802401	81319	1	OK	0.4838401	0.6333800	0.6000771	0.0680879	-24.815	-185.340	154.643	0.2705097	0
1	Port 2: NDI 8700340  s/n:34802401	81322	1	OK	0.4836286	0.6321837	0.6016514	0.0668043	-24.775	-184.708	155.715	0.2671845	0
1	Port 2: NDI 8700340  s/n:34802401	81325	1	OK	0.4845417	0.6323045	0.6007476	0.0671761	-25.481	-184.169	155.478	0.2598236	0
1	Port 2: NDI 8700340  s/n:34802401	81328	1	OK	0.4848651	0.6328915	0.5998965	0.0669201	-24.727	-183.056	154.797	0.2523662	0
1	Port 2: NDI 8700340  s/n:34802401	81331	1	OK	0.4841531	0.6355238	0.5976322	0.0673880	-24.554	-182.122	154.841	0.2437786	0
1	Port 2: NDI 8700340  s/n:34802401	81334	1	OK	0.4847741	0.6351982	0.5975538	0.0666835	-24.953	-181.528	154.316	0.2436275	0
1	Port 2: NDI 8700340  s/n:34802401	81337	1	OK	0.4855095	0.6342840	0.5977989	0.0678295	-25.658	-181.317	153.785	0.2323644	0
1	Port 2: NDI 8700340  s/n:34802401	81340	1	OK	0.4855619	0.6338293	0.5983439	0.0668938	-26.108	-180.813	153.928	0.2490895	0
1	Port 2: NDI 8700340  s/n:34802401	81343	1	OK	0.4850080	0.6341832	0.5985479	0.0657219	-25.874	-179.914	154.551	0.2408312	0
1	Port 2: NDI 8700340  s/n:34802401	81346	1	OK	0.4844490	0.6361472	0.5967842	0.0668924	-26.046	-179.406	154.680	0.2287933	0
1	Port 2: NDI 8700340  s/n:34802401	81349	1	OK	0.4850489	0.6346280	0.5979984	0.0661266	-25.856	-178.811	154.294	0.2412325	0
1	Port 2: NDI 8700340  s/n:34802401	81352	1	OK	0.4849985	0.6365173	0.5959550	0.0667821	-25.953	-178.448	153.969	0.2398053	0
1	Port 2: NDI 8700340  s/n:34802401	81355	1	OK	0.4857347	0.6348764	0.5972827	0.0651695	-25.500	-177.870	153.563	0.2499335	0
1	Port 2: NDI 8700340  s/n:34802401	81358	1	OK	0.4854859	0.6352088	0.5970188	0.0661951	-25.065	-177.643	153.685	0.2393444	0
1	Port 2: NDI 8700340  s/n:34802401	81361	1	OK	0.4864362	0.6350488	0.5964708	0.0656917	-25.080	-177.148	153.351	0.2351823	0
1	Port 2: NDI 8700340  s/n:34802401	81364	1	OK	0.4871632	0.6339688	0.5971580	0.0644822	-24.370	-176.564	152.853	0.2469956	0
1	Port 2: NDI 8700340  s/n:34802401	81367	1	OK	0.4872892	0.6344101	0.5967842	0.0626230	-23.402	-175.686	152.798	0.2407858	0
1	Port 2: NDI 8700340  s/n:34802401	81370	1	OK	0.4864684	0.6361878	0.5957009	0.0612701	-22.008	-174.902	153.239	0.2654987	0
1	Port 2: NDI 8700340  s/n:34802401	81373	1	OK	0.4872572	0.6356330	0.5956252	0.0614952	-21.882	-174.882	152.891	0.2267524	0
1	Port 2: NDI 8700340  s/n:34802401	81376	1	OK	0.4876451	0.6353953	0.5955650	0.0614605	-21.438	-174.951	152.572	0.2600809	0
1	Port 2: NDI 8700340  s/n:34802401	81379	1	OK	0.4878650	0.6356746	0.5951801	0.0605497	-21.070	-174.900	152.294	0.2574715	0
1	Port 2: NDI 8700340  s/n:34802401	81382	1	OK	0.4884929	0.6342920	0.5961658	0.0602879	-20.549	-174.889	151.888	0.2412841	0
1	Port 2: NDI 8700340  s/n:34802401	81385	1	OK	0.4889187	0.6341159	0.5960024	0.0603040	-20.036	-174.755	151.430	0.2477999	0
1	Port 2: NDI 8700340  s/n:34802401	81388	1	OK	0.4893444	0.6349773	0.5948176	0.0594803	-19.336	-174.337	150.818	0.2570167	0
1	Port 2: NDI 8700340  s/n:34802401	81391	1	OK	0.4902450	0.6337266	0.5954975	0.0585945	-18.878	-174.198	150.287	0.2481380	0
1	Port 2: NDI 8700340  s/n:34802401	81394	1	OK	0.4899209	0.6342709	0.5950926	0.0595200	-18.390	-174.371	150.423	0.2529123	0
1	Port 2: NDI 8700340  s/n:34802401	81397	1	OK	0.4893805	0.6343354	0.5955526	0.0586721	-18.050	-174.491	151.175	0.2523771	0
1	Port 2: NDI 8700340  s/n:34802401	81400	1	OK	0.4879611	0.6364623	0.5943633	0.0595151	-17.765	-174.972	152.238	0.2515855	0
1	Port 2: NDI 8700340  s/n:34802401	81403	1	OK	0.4884151	0.6342219	0.5963708	0.0596251	-17.568	-175.492	152.444	0.2431674	0
1	Port 2: NDI 8700340  s/n:34802401	81406	1	OK	0.4883956	0.6342531	0.5964059	0.0590991	-17.012	-175.526	152.841	0.2413650	0
1	Port 2: NDI 8700340  s/n:34802401	81409	1	OK	0.4881867	0.6344820	0.5964276	0.0581416	-15.914	-175.134	153.325	0.2600129	0
1	Port 2: NDI 8700340  s/n:34802401	81412	1	OK	0.4888963	0.6331363	0.5973569	0.0573033	-15.353	-174.874	153.288	0.2328906	0
1	Port 2: NDI 8700340  s/n:34802401	81415	1	OK	0.4891166	0.6328019	0.5976138	0.0564311	-15.007	-174.581	153.462	0.2520802	0
